id,price
1,551472.8
2,730946.5
3,535259.9
4,459343.2
5,836659.1
6,603507.9
7,235483.77
8,409614.2
9,384809.0
10,464590.66
11,1057562.2
12,383157.1
13,1887509.0
14,421450.66
15,538375.4
16,1124726.8
17,456120.62
18,484029.47
19,763517.7
20,578229.7
21,484765.38
22,1214312.6
23,655869.4
24,732066.4
25,363828.34
26,275719.78
27,745161.3
28,242557.44
29,644728.25
30,187743.8
31,596720.06
32,774689.0
33,466552.88
34,249369.64
35,270818.88
36,248354.34
37,283582.9
38,559252.75
39,672179.6
40,654113.3
41,655901.94
42,416684.28
43,997681.2
44,224662.0
45,280409.6
46,984520.3
47,377450.88
48,901514.1
49,835263.75
50,2592206.2
51,386957.75
52,669806.56
53,822038.9
54,489591.7
55,417913.1
56,474959.88
57,645533.0
58,654673.1
59,275125.4
60,250140.06
61,254745.3
62,323397.0
63,391613.94
64,864683.06
65,311175.6
66,449043.78
67,959644.56
68,321262.47
69,817691.0
70,556200.56
71,400021.3
72,458219.84
73,652717.94
74,1374555.0
75,484029.47
76,2227745.5
77,368851.7
78,588666.25
79,506616.25
80,1201065.5
81,240774.62
82,415461.22
83,543526.8
84,937797.3
85,435007.0
86,632966.0
87,352571.03
88,362146.0
89,397074.9
90,247461.67
91,727831.44
92,282478.25
93,633106.56
94,532323.9
95,845216.2
96,744496.4
97,999783.44
98,496247.62
99,528680.56
100,323677.5
101,513650.9
102,437272.97
103,281567.75
104,1089366.6
105,332309.62
106,820972.0
107,573467.4
108,520764.8
109,675479.94
110,493527.06
111,740391.6
112,450408.56
113,259732.94
114,407898.1
115,230178.95
116,359276.75
117,281761.25
118,1296173.0
119,264549.1
120,255707.69
121,984096.4
122,456610.88
123,406953.5
124,700369.4
125,336564.25
126,323821.0
127,746330.25
128,776051.6
129,830989.0
130,226500.47
131,707234.5
132,536102.75
133,483259.3
134,423830.2
135,421767.0
136,511481.1
137,1425408.0
138,326376.7
139,652752.75
140,811865.3
141,774332.9
142,301143.16
143,760354.06
144,567862.9
145,573816.25
146,840448.1
147,1656677.6
148,372832.94
149,445890.84
150,1049520.0
151,1287995.5
152,753249.9
153,328001.8
154,842687.2
155,412903.06
156,278871.03
157,222103.72
158,344882.5
159,250384.92
160,590377.75
161,795827.3
162,538903.2
163,523912.8
164,449289.53
165,431427.3
166,461514.0
167,613530.75
168,571579.06
169,274844.6
170,497266.47
171,605722.7
172,661294.25
173,191106.94
174,326514.4
175,392908.0
176,247949.72
177,307357.94
178,414797.06
179,351572.53
180,291424.12
181,659651.8
182,424674.06
183,599521.3
184,617484.9
185,435210.53
186,340505.4
187,487286.16
188,630475.0
189,644308.25
190,564568.44
191,258489.81
192,862088.56
193,595178.25
194,214279.62
195,378679.72
196,230509.95
197,362969.0
198,1113600.0
199,196763.5
200,506757.62
201,297027.78
202,661261.9
203,888707.56
204,1546912.0
205,845770.6
206,271378.84
207,853550.4
208,787749.9
209,325551.2
210,412128.56
211,334920.38
212,469634.84
213,268260.6
214,242541.03
215,745297.5
216,409331.66
217,362936.72
218,677258.5
219,534461.0
220,551051.5
221,539010.6
222,972891.75
223,317410.75
224,271378.84
225,219483.02
226,1034171.0
227,322699.34
228,360603.75
229,1835260.2
230,620673.56
231,828895.9
232,421973.25
233,235360.3
234,501854.66
235,527023.8
236,900405.3
237,245726.39
238,533647.4
239,663817.94
240,200027.89
241,563134.9
242,386957.75
243,954891.7
244,316150.84
245,952435.1
246,211040.4
247,591430.7
248,2726413.2
249,313208.0
250,241944.61
251,318111.28
252,427822.3
253,387344.78
254,401455.6
255,400156.3
256,503007.75
257,555991.5
258,862726.75
259,283599.7
260,358734.0
261,393256.88
262,732627.25
263,675122.75
264,604006.56
265,1112902.4
266,663319.3
267,485394.62
268,523773.5
269,382108.03
270,774579.9
271,487143.94
272,616996.7
273,689796.8
274,483223.62
275,349836.2
276,463544.7
277,900118.75
278,381443.5
279,201987.48
280,560686.75
281,442773.25
282,396726.0
283,591258.0
284,509554.56
285,1235105.9
286,751121.8
287,247865.16
288,715470.3
289,433074.38
290,730389.6
291,724291.4
292,301405.44
293,504587.75
294,752764.44
295,234992.17
296,681603.8
297,274180.06
298,507211.97
299,238128.84
300,750973.3
301,1891979.5
302,370412.56
303,861254.1
304,894305.9
305,525245.6
306,747027.9
307,516423.8
308,1085855.1
309,232664.1
310,222317.0
311,706711.06
312,481897.5
313,579979.4
314,597699.1
315,551438.94
316,580083.4
317,648616.56
318,1424700.5
319,470825.5
320,729924.5
321,520764.8
322,950408.7
323,539810.5
324,640393.06
325,748389.8
326,481993.6
327,458849.38
328,678103.0
329,947951.1
330,329685.97
331,468550.12
332,723203.8
333,305084.47
334,529344.7
335,319249.84
336,285017.25
337,1126624.1
338,757991.5
339,516630.12
340,453349.12
341,264423.34
342,1030461.25
343,455452.72
344,370031.25
345,725937.4
346,494639.94
347,404221.2
348,628929.8
349,1324331.8
350,217518.69
351,181809.12
352,675820.5
353,610340.56
354,427297.7
355,872815.0
356,216644.06
357,409513.75
358,829879.4
359,390721.06
360,547835.06
361,508469.4
362,786513.06
363,688301.25
364,555502.9
365,1050560.4
366,277137.34
367,237899.28
368,316671.75
369,575078.44
370,361269.78
371,624350.5
372,268715.2
373,390721.06
374,364719.84
375,215277.5
376,924703.7
377,524998.25
378,674109.4
379,603585.25
380,1125424.6
381,601936.8
382,651101.7
383,239073.69
384,612087.75
385,389179.94
386,351691.5
387,621687.6
388,378115.44
389,323416.6
390,498109.3
391,683042.75
392,355267.75
393,453496.4
394,354385.0
395,440921.72
396,1656944.0
397,1686769.0
398,400854.0
399,493655.9
400,678730.25
401,214909.06
402,719735.06
403,557253.25
404,686259.5
405,317914.75
406,397496.2
407,388235.5
408,925471.0
409,1214312.6
410,243572.27
411,382982.0
412,686259.5
413,630790.25
414,1150156.2
415,526960.44
416,726702.75
417,1119824.0
418,1073040.4
419,517332.4
420,765832.0
421,206837.2
422,270254.44
423,469596.66
424,535963.7
425,249509.88
426,416580.22
427,961263.2
428,475768.2
429,601027.3
430,540125.5
431,251994.73
432,535366.9
433,782563.0
434,428421.6
435,213388.06
436,295610.22
437,684090.06
438,194292.5
439,670471.44
440,580611.06
441,338319.78
442,610624.0
443,394342.03
444,316322.9
445,1334420.0
446,523912.8
447,697641.9
448,387077.34
449,651101.7
450,353971.88
451,250645.92
452,343971.3
453,276542.97
454,385806.3
455,1158562.6
456,440889.22
457,387606.62
458,360427.44
459,489735.66
460,474611.0
461,761413.75
462,502450.34
463,483223.62
464,576652.06
465,427581.34
466,787052.1
467,459343.2
468,614366.4
469,2471197.5
470,525845.4
471,647180.9
472,507877.2
473,520380.25
474,645989.1
475,347667.8
476,339348.66
477,704607.06
478,1016669.9
479,505634.28
480,1323280.1
481,259575.9
482,901592.56
483,620529.5
484,1801478.0
485,849132.3
486,319038.7
487,597455.94
488,655722.56
489,902909.56
490,609399.5
491,615872.4
492,880721.0
493,568527.9
494,592160.9
495,699885.1
496,331611.94
497,1289455.8
498,476257.03
499,249001.5
500,250210.5
501,842687.2
502,489663.75
503,710698.25
504,1150567.5
505,377102.06
506,466243.2
507,855788.44
508,526360.94
509,1427287.2
510,246130.56
511,574026.06
512,637581.6
513,276420.38
514,593252.3
515,372580.97
516,1170821.2
517,622979.0
518,309285.3
519,728430.9
520,340644.5
521,829450.1
522,614366.4
523,272516.53
524,408845.8
525,395922.88
526,620286.06
527,370095.4
528,235047.28
529,413983.44
530,588240.6
531,564146.56
532,507106.47
533,529898.44
534,832529.25
535,253134.03
536,583661.3
537,718693.44
538,521950.38
539,336422.22
540,1221306.9
541,458431.9
542,679537.6
543,434759.97
544,221495.9
545,984587.44
546,663319.3
547,926099.06
548,238128.84
549,616996.7
550,398127.56
551,828339.1
552,760354.06
553,964277.2
554,633342.9
555,516802.4
556,307688.94
557,400156.3
558,798839.4
559,244796.17
560,265021.5
561,237499.55
562,504411.53
563,739525.25
564,487362.94
565,283791.03
566,960152.25
567,217238.89
568,507739.56
569,190511.75
570,809277.94
571,238128.84
572,1348442.1
573,731852.3
574,1006230.0
575,470332.53
576,837374.5
577,936127.75
578,271378.84
579,330175.06
580,751748.1
581,328090.2
582,563134.9
583,1657638.4
584,749087.44
585,646057.56
586,448902.5
587,622979.0
588,479967.75
589,1317967.0
590,539494.44
591,417846.75
592,1230127.5
593,495128.06
594,332045.3
595,341904.44
596,1193711.8
597,362881.3
598,543908.1
599,299935.4
600,336231.75
601,218204.23
602,339051.8
603,676008.8
604,1604270.8
605,272920.72
606,992156.4
607,325882.2
608,215488.42
609,477797.88
610,379028.6
611,836390.6
612,738228.9
613,1189658.0
614,318197.84
615,641401.0
616,394224.12
617,1513573.2
618,259732.94
619,639507.0
620,765754.9
621,355018.44
622,417071.3
623,404221.2
624,722326.8
625,455065.7
626,326214.62
627,780776.56
628,520313.7
629,609050.7
630,291549.0
631,686894.7
632,445826.25
633,413568.28
634,482212.78
635,1036971.9
636,683425.94
637,302577.1
638,529029.4
639,538375.4
640,1113731.0
641,1333024.6
642,407584.88
643,425264.16
644,1543814.2
645,531692.25
646,963794.4
647,1068070.1
648,270765.3
649,296836.44
650,441059.62
651,565415.9
652,220968.2
653,411398.44
654,968058.3
655,883871.0
656,212511.78
657,288081.88
658,366541.84
659,447221.66
660,508923.16
661,304276.34
662,326863.28
663,319387.53
664,1588297.6
665,572901.7
666,504587.75
667,1312358.8
668,380075.12
669,754616.75
670,352321.72
671,598857.2
672,566632.8
673,236497.98
674,562824.1
675,419910.38
676,707168.25
677,440325.12
678,339051.8
679,305223.38
680,283425.25
681,464281.0
682,369514.78
683,373424.53
684,588589.5
685,377102.06
686,745297.5
687,523773.5
688,973589.44
689,390823.75
690,604491.5
691,798276.3
692,700965.94
693,439134.28
694,424915.3
695,533686.56
696,563061.44
697,665466.5
698,253955.14
699,776051.6
700,269277.47
701,590838.2
702,590726.6
703,331611.94
704,505843.7
705,561632.2
706,236497.98
707,278975.8
708,317546.8
709,472790.0
710,436407.84
711,286366.06
712,279607.62
713,721177.0
714,1798010.8
715,393256.88
716,545906.2
717,557285.75
718,417211.3
719,279975.56
720,224645.1
721,416761.62
722,341291.38
723,646588.7
724,436155.38
725,458568.7
726,1143632.9
727,613453.4
728,553925.25
729,496951.2
730,738331.25
731,324853.47
732,260522.92
733,575672.06
734,336809.66
735,356281.12
736,571080.44
737,442919.8
738,422744.34
739,378497.47
740,715851.1
741,609991.75
742,318321.75
743,426077.8
744,212440.58
745,223070.03
746,257158.4
747,472646.47
748,333818.3
749,399037.3
750,499189.7
751,696279.6
752,553472.3
753,763886.2
754,353355.88
755,203406.78
756,200517.45
757,554942.0
758,551156.44
759,413399.16
760,555432.25
761,337229.62
762,479542.2
763,209974.58
764,509032.94
765,704607.06
766,215364.56
767,254461.9
768,1375950.5
769,964424.9
770,304574.22
771,340471.22
772,440821.28
773,775179.06
774,1417281.0
775,636221.9
776,656110.1
777,350032.03
778,328879.2
779,652258.8
780,646725.0
781,1009872.6
782,420151.94
783,424706.53
784,832394.44
785,202198.42
786,385889.44
787,788447.56
788,1109245.2
789,321262.47
790,418578.3
791,510648.66
792,439589.3
793,251399.92
794,427124.34
795,596758.25
796,249684.3
797,362460.22
798,559214.6
799,370095.4
800,633342.9
801,611952.06
802,272412.75
803,632301.06
804,461615.84
805,330504.88
806,853689.4
807,359906.03
808,533686.56
809,482874.78
810,1243439.5
811,518098.8
812,313382.47
813,411368.62
814,330891.88
815,1100286.2
816,688607.25
817,261451.3
818,982206.0
819,270013.53
820,423093.2
821,1194911.2
822,557214.7
823,425480.97
824,426845.03
825,614300.94
826,383157.1
827,289098.78
828,1289944.1
829,295363.62
830,531127.56
831,575632.94
832,254882.58
833,646095.75
834,358665.72
835,222876.33
836,965122.6
837,681186.7
838,582609.7
839,514568.9
840,553293.56
841,389248.94
842,223418.89
843,681531.9
844,509311.2
845,586529.94
846,984520.3
847,496181.03
848,374363.06
849,1188109.2
850,842900.7
851,1232867.8
852,728529.1
853,354302.88
854,457269.38
855,365245.97
856,426212.53
857,329244.97
858,413324.94
859,242872.06
860,689563.6
861,719847.06
862,486369.44
863,1322868.8
864,226467.16
865,1071645.0
866,330717.62
867,454716.8
868,1158486.4
869,879325.6
870,584287.6
871,333062.8
872,193904.77
873,258666.53
874,301773.38
875,249403.81
876,487492.72
877,464281.0
878,493527.06
879,223860.47
880,980655.06
881,730946.5
882,410137.47
883,483572.5
884,303404.22
885,1228601.1
886,458955.75
887,864055.0
888,449537.97
889,593463.75
890,473626.97
891,275072.06
892,734900.0
893,233242.67
894,382146.22
895,983889.8
896,655098.7
897,1111702.9
898,985635.0
899,450589.94
900,648616.56
901,678103.0
902,588175.44
903,309617.4
904,1287995.5
905,441372.8
906,283757.34
907,780251.5
908,789920.2
909,793451.44
910,948858.56
911,830921.75
912,465855.16
913,875112.5
914,683042.75
915,306044.22
916,353283.62
917,699395.5
918,431111.25
919,518594.7
920,324043.75
921,496708.06
922,300968.72
923,798839.4
924,525314.4
925,478880.12
926,499087.5
927,512146.3
928,299270.88
929,572625.56
930,450098.84
931,421450.66
932,443656.1
933,225995.03
934,305312.3
935,813625.2
936,581064.5
937,584707.8
938,399768.88
939,394224.12
940,319581.28
941,823493.9
942,341713.25
943,466833.56
944,400719.3
945,656458.44
946,1031654.94
947,499543.22
948,940664.5
949,248475.89
950,899773.06
951,458117.84
952,393256.88
953,407197.44
954,501674.88
955,480631.9
956,458219.84
957,380462.56
958,1093774.0
959,559877.5
960,569225.56
961,370196.1
962,295505.03
963,237305.83
964,225435.52
965,512814.22
966,201726.53
967,503220.06
968,465123.62
969,550143.44
970,3181130.5
971,342972.8
972,413324.94
973,234817.72
974,649042.1
975,424706.53
976,553227.5
977,235571.25
978,351027.6
979,765403.5
980,498738.62
981,547901.1
982,376258.9
983,634229.9
984,413324.94
985,192596.17
986,685705.0
987,664618.56
988,248004.27
989,1081015.8
990,2178446.0
991,1159749.6
992,312856.47
993,495793.03
994,451219.28
995,385457.44
996,815020.6
997,305048.94
998,196113.86
999,706746.75
1000,547835.06
1001,456719.5
1002,887311.56
1003,517548.12
1004,408595.78
1005,536806.9
1006,697119.1
1007,707666.9
1008,618570.0
1009,622567.6
1010,482561.6
1011,431644.12
1012,569717.8
1013,503288.2
1014,717778.9
1015,459343.2
1016,351027.6
1017,304574.22
1018,733887.75
1019,724400.2
1020,1137897.8
1021,472297.62
1022,1010146.5
1023,774154.06
1024,1290795.4
1025,1025208.1
1026,238899.28
1027,472053.16
1028,288641.4
1029,656256.9
1030,558299.8
1031,432865.9
1032,752413.06
1033,307183.5
1034,470793.0
1035,322835.38
1036,748725.5
1037,644557.8
1038,290358.16
1039,194697.55
1040,658314.3
1041,521045.22
1042,403625.47
1043,834631.56
1044,393605.7
1045,801438.0
1046,247738.77
1047,517783.53
1048,511972.97
1049,350500.7
1050,229216.27
1051,2258718.2
1052,794991.75
1053,589680.06
1054,454367.97
1055,1082015.0
1056,586142.5
1057,570033.9
1058,282303.8
1059,559601.6
1060,693445.25
1061,486020.56
1062,339523.12
1063,295787.34
1064,322279.25
1065,498313.0
1066,602810.2
1067,506199.0
1068,607118.0
1069,348211.0
1070,312349.97
1071,323380.66
1072,282882.7
1073,653028.2
1074,891651.9
1075,624452.2
1076,408457.84
1077,763221.25
1078,558791.75
1079,516558.0
1080,432240.94
1081,1337232.5
1082,526786.5
1083,811525.1
1084,478460.75
1085,282165.9
1086,412205.34
1087,597455.94
1088,486446.22
1089,593463.75
1090,734900.0
1091,365195.1
1092,328423.25
1093,225977.2
1094,202319.97
1095,1449703.8
1096,297027.78
1097,563521.9
1098,328547.12
1099,570033.9
1100,622457.0
1101,649739.8
1102,917136.75
1103,808229.94
1104,375629.88
1105,235483.77
1106,236184.38
1107,722230.75
1108,483223.62
1109,1232867.8
1110,616404.44
1111,732627.25
1112,477797.88
1113,283250.84
1114,274686.97
1115,602388.0
1116,302842.56
1117,514460.25
1118,576545.9
1119,597277.25
1120,216295.22
1121,421275.53
1122,492048.47
1123,288273.25
1124,417632.2
1125,595178.25
1126,675479.94
1127,694492.5
1128,384976.3
1129,1473452.2
1130,335584.9
1131,547236.2
1132,689796.8
1133,380707.2
1134,372945.84
1135,598086.06
1136,455313.7
1137,311735.7
1138,383821.66
1139,452373.12
1140,831553.94
1141,674458.6
1142,974287.2
1143,256233.02
1144,339051.8
1145,1118203.4
1146,452086.5
1147,411398.44
1148,1484439.2
1149,426845.03
1150,1127964.0
1151,645533.0
1152,437842.12
1153,424217.6
1154,596371.2
1155,1209680.0
1156,497512.5
1157,848084.2
1158,313961.53
1159,1053650.8
1160,529693.5
1161,549091.06
1162,377951.8
1163,486975.9
1164,276508.62
1165,251784.78
1166,459129.6
1167,1393252.0
1168,402716.53
1169,547236.2
1170,1563293.1
1171,525845.4
1172,1532341.0
1173,311807.38
1174,206910.81
1175,209430.19
1176,402966.94
1177,325396.06
1178,271641.9
1179,319266.62
1180,822861.1
1181,272078.25
1182,338069.56
1183,434300.44
1184,713643.94
1185,524228.1
1186,231406.89
1187,560720.6
1188,678730.25
1189,411997.94
1190,367450.34
1191,779486.0
1192,254603.19
1193,675122.75
1194,999510.2
1195,814244.56
1196,372217.22
1197,251225.5
1198,348889.16
1199,313418.7
1200,773672.3
1201,465821.3
1202,1265931.2
1203,461934.9
1204,1053650.8
1205,543875.7
1206,371043.6
1207,369746.56
1208,287293.47
1209,1670812.2
1210,603270.25
1211,548359.56
1212,521045.22
1213,209659.94
1214,308285.38
1215,843384.94
1216,735496.9
1217,947253.4
1218,465855.16
1219,568949.1
1220,611635.75
1221,475028.25
1222,270362.4
1223,563521.9
1224,299883.94
1225,428171.16
1226,707943.1
1227,584564.8
1228,288973.47
1229,855226.94
1230,526012.06
1231,506680.84
1232,808580.25
1233,551821.7
1234,559214.6
1235,362775.3
1236,376572.78
1237,374711.9
1238,726635.06
1239,533796.06
1240,718232.75
1241,448766.84
1242,661085.3
1243,306327.75
1244,264074.5
1245,331628.3
1246,574342.1
1247,821465.75
1248,268350.1
1249,261782.31
1250,1434728.0
1251,683529.2
1252,665814.94
1253,681288.4
1254,520764.8
1255,682831.5
1256,736061.56
1257,1254514.2
1258,1609864.0
1259,717995.75
1260,373665.34
1261,425829.84
1262,1461041.5
1263,272587.2
1264,515545.0
1265,419522.9
1266,219831.88
1267,461964.7
1268,407584.88
1269,938082.4
1270,283425.25
1271,886109.0
1272,513442.66
1273,440394.72
1274,556274.0
1275,561035.6
1276,850045.1
1277,326494.8
1278,433287.47
1279,718898.0
1280,754472.6
1281,421343.88
1282,662863.9
1283,712981.94
1284,318636.0
1285,540659.0
1286,508335.25
1287,568179.0
1288,894442.75
1289,279028.06
1290,349153.34
1291,309791.8
1292,265636.47
1293,232927.9
1294,1590565.6
1295,753842.6
1296,274600.7
1297,688607.25
1298,529693.5
1299,490820.78
1300,428000.8
1301,347403.88
1302,399037.3
1303,492642.94
1304,690925.5
1305,390619.53
1306,273443.97
1307,640876.3
1308,815795.5
1309,432341.84
1310,984520.3
1311,1209407.9
1312,380707.2
1313,215260.73
1314,410249.62
1315,1533889.1
1316,444455.62
1317,430728.5
1318,746330.25
1319,346422.78
1320,813131.5
1321,441479.88
1322,376538.94
1323,293439.72
1324,568600.25
1325,477833.6
1326,738199.06
1327,341224.5
1328,645785.44
1329,813546.94
1330,1363348.0
1331,252380.5
1332,512604.38
1333,558168.06
1334,428000.8
1335,582045.0
1336,706504.1
1337,1708495.4
1338,513442.66
1339,923998.4
1340,279396.2
1341,313787.12
1342,365456.12
1343,310951.66
1344,695787.06
1345,476605.9
1346,229739.55
1347,518981.66
1348,409052.3
1349,272322.53
1350,667171.2
1351,416684.28
1352,511307.2
1353,235205.45
1354,563870.75
1355,654041.7
1356,621687.6
1357,377102.06
1358,229565.1
1359,356581.03
1360,834631.56
1361,811167.6
1362,601027.3
1363,454716.8
1364,551302.1
1365,787908.5
1366,470332.53
1367,466552.88
1368,231561.73
1369,500279.5
1370,388235.5
1371,516423.8
1372,659050.25
1373,371512.2
1374,389443.34
1375,387328.4
1376,611603.25
1377,330368.78
1378,979405.2
1379,512953.25
1380,292512.28
1381,347089.22
1382,519465.25
1383,310317.8
1384,1792817.4
1385,500279.5
1386,323084.0
1387,451532.47
1388,491103.3
1389,561069.5
1390,296046.7
1391,422536.78
1392,429817.5
1393,553050.5
1394,347212.5
1395,549339.7
1396,249703.6
1397,292354.25
1398,738620.1
1399,244344.86
1400,436193.94
1401,434198.78
1402,260928.02
1403,780776.56
1404,552667.75
1405,323206.44
1406,449710.8
1407,825253.75
1408,254937.12
1409,333007.3
1410,686088.2
1411,518031.25
1412,448902.5
1413,354385.0
1414,451640.56
1415,306660.22
1416,249718.5
1417,644060.3
1418,590909.1
1419,597455.94
1420,877853.06
1421,612406.8
1422,501365.22
1423,360078.62
1424,413399.16
1425,264304.6
1426,720509.1
1427,574097.75
1428,983601.44
1429,453248.97
1430,411430.9
1431,829734.5
1432,712525.94
1433,378464.3
1434,477797.88
1435,514316.12
1436,362200.4
1437,295363.62
1438,313941.94
1439,532179.5
1440,307165.66
1441,244114.84
1442,636609.3
1443,483259.3
1444,305312.3
1445,233801.48
1446,352934.75
1447,429542.66
1448,479857.4
1449,314207.62
1450,1008048.4
1451,363252.5
1452,921632.06
1453,706566.6
1454,1123533.6
1455,365107.28
1456,285191.7
1457,1190355.9
1458,616996.7
1459,466552.88
1460,429047.38
1461,736160.9
1462,352571.03
1463,497895.25
1464,235483.77
1465,888278.4
1466,222213.23
1467,449750.0
1468,1222364.1
1469,385750.75
1470,216295.22
1471,652118.4
1472,250175.86
1473,319598.7
1474,764627.44
1475,457068.38
1476,564219.56
1477,1312219.6
1478,579243.5
1479,851793.9
1480,553085.3
1481,1296677.4
1482,602887.5
1483,492498.72
1484,393032.12
1485,644557.8
1486,528293.5
1487,443087.28
1488,381371.75
1489,490676.72
1490,366313.9
1491,354669.6
1492,409513.75
1493,434687.94
1494,406281.8
1495,400087.94
1496,461334.6
1497,811525.1
1498,328090.2
1499,715153.4
1500,579592.3
1501,501016.38
1502,783827.2
1503,569092.75
1504,209043.94
1505,280709.5
1506,382932.72
1507,471141.8
1508,1244700.4
1509,452651.4
1510,1383510.2
1511,473626.97
1512,413399.16
1513,1533188.8
1514,984937.25
1515,568039.56
1516,711930.25
1517,806475.4
1518,420785.7
1519,323574.38
1520,490158.75
1521,390372.2
1522,1942685.0
1523,651799.4
1524,293229.22
1525,269699.34
1526,449251.38
1527,333585.88
1528,339523.12
1529,1351096.0
1530,749649.25
1531,236026.89
1532,741552.0
1533,489945.12
1534,392369.25
1535,370306.75
1536,434300.44
1537,622142.0
1538,465676.4
1539,606208.9
1540,526928.0
1541,360254.9
1542,520828.2
1543,527702.44
1544,262712.53
1545,609360.4
1546,422536.78
1547,388235.5
1548,255076.3
1549,616017.5
1550,394032.3
1551,655171.44
1552,385086.22
1553,261451.3
1554,762886.3
1555,1004900.06
1556,460918.12
1557,230563.6
1558,397429.6
1559,475940.94
1560,771778.2
1561,1038167.1
1562,394572.97
1563,238248.14
1564,547835.06
1565,620878.3
1566,242644.83
1567,673127.9
1568,346527.1
1569,402647.84
1570,1212142.4
1571,345316.25
1572,318321.75
1573,284020.1
1574,518380.06
1575,525663.2
1576,638464.2
1577,289358.2
1578,277926.2
1579,272306.28
1580,291880.47
1581,308498.66
1582,581628.6
1583,282303.8
1584,347770.12
1585,579592.3
1586,229846.31
1587,265021.5
1588,377450.88
1589,681531.9
1590,639129.2
1591,517434.7
1592,469077.22
1593,690494.56
1594,690853.56
1595,280535.06
1596,904536.8
1597,436020.8
1598,497405.75
1599,517294.22
1600,186712.56
1601,350184.97
1602,236307.34
1603,453980.53
1604,1146025.5
1605,635485.0
1606,205510.22
1607,1428558.2
1608,1358090.5
1609,273917.88
1610,1790006.4
1611,536102.75
1612,305048.94
1613,876661.56
1614,618885.3
1615,533370.44
1616,618182.56
1617,616055.6
1618,468830.62
1619,532775.7
1620,1005878.06
1621,348211.0
1622,331960.75
1623,609083.2
1624,559877.5
1625,277627.9
1626,347718.62
1627,252625.62
1628,596928.3
1629,665466.5
1630,708640.8
1631,1091603.8
1632,570033.9
1633,254268.19
1634,561069.5
1635,328195.56
1636,498002.34
1637,356961.0
1638,415986.56
1639,688963.25
1640,734522.06
1641,361917.0
1642,610168.3
1643,610097.25
1644,422259.56
1645,572731.5
1646,742086.56
1647,920713.9
1648,639403.7
1649,295942.72
1650,1654693.2
1651,832670.2
1652,256302.52
1653,1051064.0
1654,378360.62
1655,737424.2
1656,576303.2
1657,1042089.8
1658,379234.47
1659,384809.0
1660,369885.44
1661,849132.3
1662,462038.1
1663,700093.2
1664,495898.8
1665,352237.06
1666,407197.44
1667,244253.6
1668,797376.25
1669,415916.1
1670,571579.06
1671,1206539.9
1672,373717.8
1673,664270.2
1674,652330.5
1675,876309.9
1676,641123.2
1677,954259.44
1678,301177.9
1679,340347.7
1680,355000.6
1681,378481.1
1682,613668.7
1683,355703.25
1684,347246.6
1685,311018.56
1686,381371.75
1687,324554.0
1688,260256.19
1689,540375.3
1690,677608.75
1691,355056.6
1692,412128.56
1693,224226.72
1694,444982.28
1695,741585.6
1696,238584.62
1697,1048667.6
1698,316921.53
1699,1064979.8
1700,252468.62
1701,904604.5
1702,270921.9
1703,275597.62
1704,441023.94
1705,653909.94
1706,1124873.6
1707,1006230.0
1708,402782.56
1709,274266.72
1710,535009.2
1711,283931.75
1712,364215.78
1713,551656.0
1714,377619.34
1715,411082.03
1716,680451.06
1717,286174.25
1718,507804.16
1719,250384.92
1720,548675.6
1721,585507.3
1722,1801478.0
1723,486166.6
1724,992913.7
1725,491452.2
1726,347246.6
1727,970304.94
1728,803684.6
1729,520380.25
1730,281007.75
1731,336302.2
1732,428945.66
1733,280518.12
1734,673411.6
1735,590345.25
1736,230544.03
1737,597205.06
1738,609496.6
1739,178176.53
1740,358889.75
1741,1812141.9
1742,414940.0
1743,1052721.2
1744,868953.6
1745,456920.56
1746,255793.11
1747,551821.7
1748,265564.1
1749,861041.0
1750,317512.2
1751,507455.3
1752,267683.75
1753,690631.9
1754,214822.02
1755,507106.47
1756,575149.4
1757,504587.75
1758,645670.1
1759,249684.3
1760,278137.3
1761,558753.1
1762,650159.75
1763,410733.2
1764,440990.1
1765,220006.31
1766,352968.4
1767,193435.48
1768,248124.14
1769,716933.4
1770,375995.53
1771,721775.94
1772,1155683.9
1773,260871.8
1774,608701.9
1775,315693.84
1776,378464.3
1777,460816.3
1778,308882.8
1779,443719.72
1780,618325.75
1781,234572.62
1782,263693.3
1783,756787.0
1784,554942.0
1785,409788.62
1786,600533.06
1787,317197.94
1788,419984.2
1789,547413.25
1790,249335.47
1791,303262.97
1792,268245.7
1793,619026.0
1794,396304.2
1795,698906.25
1796,770803.25
1797,590377.75
1798,465123.62
1799,829450.1
1800,719735.06
1801,713436.9
1802,399705.25
1803,503705.4
1804,545309.6
1805,339192.12
1806,328001.8
1807,318530.3
1808,499892.03
1809,601027.3
1810,515827.78
1811,492885.72
1812,249054.97
1813,530391.25
1814,879598.25
1815,482525.94
1816,379583.3
1817,280535.06
1818,306167.06
1819,845072.9
1820,373846.38
1821,526509.6
1822,222455.48
1823,241281.12
1824,635557.75
1825,1965806.8
1826,236813.8
1827,374195.2
1828,475239.5
1829,457804.66
1830,378360.62
1831,217397.06
1832,646588.7
1833,1750638.0
1834,953908.8
1835,437660.0
1836,490051.7
1837,1547763.8
1838,582361.1
1839,196803.17
1840,389355.88
1841,829036.8
1842,363966.47
1843,546887.4
1844,496078.5
1845,453698.0
1846,996981.25
1847,1084883.0
1848,718693.44
1849,565803.3
1850,300339.56
1851,510500.8
1852,519814.06
1853,725272.44
1854,291075.3
1855,312488.3
1856,261554.58
1857,363511.2
1858,651763.75
1859,201917.19
1860,486903.47
1861,1316704.2
1862,1465253.6
1863,321771.9
1864,600219.06
1865,346212.0
1866,667002.9
1867,576894.75
1868,596371.2
1869,422536.78
1870,197820.98
1871,573677.2
1872,541705.5
1873,297415.0
1874,452086.5
1875,324586.3
1876,377158.0
1877,297027.78
1878,676348.3
1879,935430.1
1880,1088448.5
1881,398549.12
1882,629525.8
1883,717330.8
1884,298096.34
1885,527557.2
1886,321523.84
1887,481712.34
1888,345616.03
1889,476465.9
1890,693542.6
1891,237305.83
1892,1018000.44
1893,964277.2
1894,1079277.5
1895,650791.44
1896,296487.6
1897,1452647.2
1898,345163.25
1899,408246.94
1900,369061.25
1901,278768.66
1902,354199.38
1903,557214.7
1904,1060781.9
1905,341607.2
1906,474262.16
1907,566501.06
1908,547835.06
1909,790584.25
1910,367101.47
1911,487252.3
1912,578578.56
1913,501326.06
1914,1646987.2
1915,773991.25
1916,410486.34
1917,689099.1
1918,624627.1
1919,283566.53
1920,299935.4
1921,459372.94
1922,834631.56
1923,548010.6
1924,477168.62
1925,245726.39
1926,803537.0
1927,308656.3
1928,338667.75
1929,249369.64
1930,1855572.2
1931,912240.56
1932,362775.3
1933,224052.31
1934,223666.47
1935,777447.06
1936,483776.44
1937,1107718.9
1938,299127.56
1939,391784.7
1940,370362.25
1941,695787.06
1942,429643.34
1943,1379593.0
1944,346560.88
1945,682897.5
1946,1190355.9
1947,497964.16
1948,375414.6
1949,620634.94
1950,272655.16
1951,327497.88
1952,806552.6
1953,683529.2
1954,376589.56
1955,478146.78
1956,694347.2
1957,794372.4
1958,358153.4
1959,501084.47
1960,575814.25
1961,450021.12
1962,297763.88
1963,265038.3
1964,312105.8
1965,358153.4
1966,417497.97
1967,600751.25
1968,590944.0
1969,444206.84
1970,472646.47
1971,748951.5
1972,369359.12
1973,401383.16
1974,547661.8
1975,387758.22
1976,523563.97
1977,659651.8
1978,289447.62
1979,442075.53
1980,451359.03
1981,395990.16
1982,238477.69
1983,329787.56
1984,526545.25
1985,345741.88
1986,730521.06
1987,627218.3
1988,539677.56
1989,527315.44
1990,488689.1
1991,858094.06
1992,489945.12
1993,655580.8
1994,474611.0
1995,528923.8
1996,611635.75
1997,408457.84
1998,358002.62
1999,263677.1
2000,413673.75
2001,649739.8
2002,783827.2
2003,221754.88
2004,363898.62
2005,629777.3
2006,534345.06
2007,455313.7
2008,1889470.5
2009,549339.7
2010,577946.25
2011,451106.25
2012,405762.88
2013,310633.0
2014,621371.25
2015,641152.94
2016,1275301.6
2017,402927.78
2018,945292.3
2019,669840.06
2020,1116110.4
2021,777168.06
2022,497754.6
2023,565803.3
2024,357278.72
2025,621687.6
2026,690533.6
2027,544295.56
2028,181850.6
2029,585759.8
2030,440045.8
2031,392262.75
2032,435457.62
2033,393605.7
2034,409513.75
2035,627922.44
2036,320739.38
2037,573710.75
2038,523143.38
2039,540375.3
2040,328879.2
2041,496776.22
2042,624840.25
2043,473913.34
2044,443403.6
2045,490051.7
2046,496708.06
2047,1150298.0
2048,464978.7
2049,490471.94
2050,2131100.8
2051,542265.9
2052,565764.75
2053,271167.72
2054,1298083.6
2055,906294.44
2056,651135.56
2057,343130.06
2058,340942.53
2059,333883.75
2060,510958.34
2061,845488.0
2062,383614.06
2063,839967.75
2064,332045.3
2065,693828.44
2066,357171.2
2067,933183.44
2068,394611.56
2069,719250.56
2070,452405.56
2071,429643.34
2072,1502584.8
2073,761197.75
2074,442109.12
2075,524998.25
2076,623265.25
2077,1013725.56
2078,250159.66
2079,334763.16
2080,325396.06
2081,539398.0
2082,861254.1
2083,545070.6
2084,268403.75
2085,377872.78
2086,1055598.4
2087,467497.72
2088,705868.9
2089,1860628.0
2090,426845.03
2091,1489266.0
2092,1092450.0
2093,660379.25
2094,359906.03
2095,210497.84
2096,337578.5
2097,214017.1
2098,975063.2
2099,391053.12
2100,983889.8
2101,393954.56
2102,600363.2
2103,668397.3
2104,524060.1
2105,576163.1
2106,486130.9
2107,509415.66
2108,621652.8
2109,403097.88
2110,393105.53
2111,1801632.2
2112,384135.66
2113,738331.25
2114,226816.16
2115,284264.25
2116,393256.88
2117,1312287.5
2118,615489.6
2119,367101.47
2120,443689.97
2121,565415.9
2122,595178.25
2123,644557.8
2124,1173059.2
2125,472401.97
2126,1370280.0
2127,464033.03
2128,548708.4
2129,734929.75
2130,627573.56
2131,630513.6
2132,433533.8
2133,710534.9
2134,660523.9
2135,524931.6
2136,522130.38
2137,522299.22
2138,524334.1
2139,904317.9
2140,408595.78
2141,817406.4
2142,312455.7
2143,364298.97
2144,713193.9
2145,939966.75
2146,1040831.25
2147,236608.11
2148,930246.5
2149,392334.4
2150,231316.62
2151,545840.75
2152,328016.75
2153,685630.2
2154,693751.25
2155,363317.8
2156,423514.06
2157,304854.94
2158,531897.25
2159,463433.53
2160,549200.75
2161,372316.97
2162,676911.0
2163,566152.2
2164,851793.9
2165,293035.56
2166,936825.56
2167,755238.06
2168,1451099.2
2169,346319.72
2170,752654.5
2171,369183.78
2172,545974.56
2173,625611.4
2174,462283.75
2175,284684.75
2176,253606.28
2177,289414.47
2178,573394.4
2179,500699.97
2180,272412.75
2181,588666.25
2182,751121.8
2183,530391.25
2184,541986.0
2185,594829.44
2186,206173.72
2187,1619673.6
2188,254777.6
2189,549339.7
2190,254865.62
2191,445890.84
2192,662591.75
2193,295505.03
2194,496286.22
2195,342676.0
2196,1217403.0
2197,930654.44
2198,304541.9
2199,509764.56
2200,651523.0
2201,1053650.8
2202,216888.8
2203,460670.4
2204,952931.1
2205,646230.94
2206,587826.56
2207,451145.44
2208,403452.4
2209,477410.44
2210,722928.4
2211,248931.0
2212,517548.12
2213,508056.94
2214,963986.56
2215,766627.5
2216,425264.16
2217,323976.12
2218,1153091.1
2219,466272.97
2220,534345.06
2221,868744.6
2222,600678.5
2223,702054.5
2224,1024575.94
2225,321504.25
2226,211498.25
2227,358051.16
2228,291305.16
2229,226151.6
2230,356263.3
2231,567165.2
2232,522204.25
2233,494779.22
2234,515893.84
2235,302158.75
2236,198450.83
2237,392908.0
2238,203232.34
2239,604039.0
2240,629394.56
2241,631142.0
2242,521855.34
2243,788447.56
2244,340957.44
2245,546749.1
2246,243240.2
2247,478460.75
2248,1400738.0
2249,714910.8
2250,338370.5
2251,812433.75
2252,394189.28
2253,294353.03
2254,273760.22
2255,603619.1
2256,555642.6
2257,428630.4
2258,725029.75
2259,468343.8
2260,907960.5
2261,796746.25
2262,275072.06
2263,267018.0
2264,214454.06
2265,293265.3
2266,380075.12
2267,418329.9
2268,361269.78
2269,364897.12
2270,872815.0
2271,752066.75
2272,581030.94
2273,656668.0
2274,476954.75
2275,780573.5
2276,505035.4
2277,710698.25
2278,711687.6
2279,416580.22
2280,663358.44
2281,545070.6
2282,369044.47
2283,333693.3
2284,443656.1
2285,458117.84
2286,458431.9
2287,903064.25
2288,201638.62
2289,364264.9
2290,1996348.0
2291,309459.75
2292,202600.55
2293,742008.25
2294,567619.6
2295,632645.1
2296,411019.78
2297,477410.44
2298,206662.78
2299,248228.88
2300,548708.4
2301,378813.16
2302,505634.28
2303,311333.22
2304,283076.44
2305,658179.0
2306,869519.25
2307,491452.2
2308,1220335.9
2309,305818.22
2310,295454.9
2311,362969.0
2312,563521.9
2313,394292.44
2314,722538.94
2315,380564.34
2316,677477.25
2317,477517.47
2318,521394.1
2319,583273.8
2320,404085.53
2321,383370.0
2322,396411.06
2323,575814.25
2324,376382.53
2325,1190355.9
2326,1224951.0
2327,1021994.3
2328,285665.44
2329,290183.72
2330,1206105.2
2331,553293.56
2332,1196306.8
2333,250508.48
2334,429643.34
2335,398825.25
2336,671866.9
2337,295261.38
2338,457455.84
2339,265353.97
2340,1132702.5
2341,231826.03
2342,1124029.1
2343,704574.4
2344,247177.1
2345,397216.3
2346,1430939.9
2347,493559.5
2348,293755.56
2349,561352.0
2350,306485.78
2351,414410.03
2352,774437.75
2353,306991.22
2354,848084.2
2355,484378.34
2356,508264.62
2357,865876.6
2358,354182.6
2359,381296.9
2360,812433.75
2361,823364.7
2362,514882.12
2363,275719.78
2364,395922.88
2365,509000.5
2366,279886.3
2367,786513.06
2368,656531.44
2369,652646.3
2370,1250937.4
2371,392559.16
2372,462386.94
2373,360814.88
2374,378360.62
2375,779057.0
2376,758056.5
2377,256635.12
2378,666822.75
2379,446455.56
2380,514498.44
2381,612058.0
2382,331892.34
2383,655373.3
2384,1220680.5
2385,270958.84
2386,680906.1
2387,533647.4
2388,773740.06
2389,258052.67
2390,217186.64
2391,754315.4
2392,439314.25
2393,360904.53
2394,463335.3
2395,681288.4
2396,1191899.2
2397,570770.2
2398,989557.75
2399,317759.6
2400,488340.22
2401,347718.62
2402,359695.88
2403,266245.4
2404,745261.75
2405,405584.12
2406,503220.06
2407,935901.75
2408,449082.97
2409,1674041.6
2410,1472181.9
2411,501714.06
2412,259331.62
2413,440292.4
2414,598086.06
2415,433533.8
2416,599412.25
2417,387677.3
2418,468550.12
2419,382314.06
2420,279360.66
2421,310951.66
2422,367331.22
2423,561352.0
2424,364996.47
2425,489809.9
2426,305486.75
2427,395292.47
2428,823493.9
2429,601100.06
2430,285891.9
2431,249946.33
2432,312175.53
2433,778013.5
2434,415494.8
2435,324762.6
2436,858317.3
2437,654041.7
2438,385125.4
2439,444982.28
2440,219831.88
2441,1395147.8
2442,364298.97
2443,437660.0
2444,227676.45
2445,410384.3
2446,290288.4
2447,379162.0
2448,589785.8
2449,535366.9
2450,522866.28
2451,452268.72
2452,515788.62
2453,761413.75
2454,310055.88
2455,887792.5
2456,348559.88
2457,775179.06
2458,651206.2
2459,491103.3
2460,664056.2
2461,888851.06
2462,1118504.9
2463,536941.8
2464,243643.4
2465,485671.75
2466,597107.06
2467,413673.75
2468,392262.75
2469,655722.56
2470,541007.8
2471,517926.75
2472,602887.5
2473,721206.9
2474,267230.8
2475,677753.56
2476,293229.22
2477,531692.25
2478,265389.7
2479,548675.6
2480,484940.2
2481,665814.94
2482,1261647.0
2483,792406.0
2484,508535.75
2485,570033.9
2486,426212.53
2487,341713.25
2488,256476.95
2489,886319.94
2490,713643.94
2491,745556.1
2492,512255.56
2493,941517.7
2494,382275.44
2495,325603.4
2496,317585.47
2497,355965.44
2498,505948.3
2499,585864.94
2500,1691981.5
2501,429047.38
2502,413324.94
2503,270187.97
2504,249752.83
2505,512920.75
2506,336282.62
2507,488894.0
2508,628414.6
2509,868953.6
2510,270536.84
2511,525663.2
2512,561700.9
2513,412314.03
2514,849347.44
2515,346527.1
2516,572625.56
2517,301037.28
2518,229284.66
2519,421343.88
2520,307762.1
2521,304748.62
2522,1776979.8
2523,516316.06
2524,394572.97
2525,803608.3
2526,503007.75
2527,341449.06
2528,507247.62
2529,862786.25
2530,518835.1
2531,507909.66
2532,522091.8
2533,353866.9
2534,437240.5
2535,445477.4
2536,469041.5
2537,462386.94
2538,354385.0
2539,1191473.1
2540,492924.34
2541,588589.5
2542,522372.25
2543,264074.5
2544,722326.8
2545,624699.3
2546,565304.75
2547,422080.2
2548,554557.44
2549,676449.75
2550,949996.3
2551,808868.1
2552,336631.44
2553,327110.4
2554,426077.8
2555,498490.94
2556,392262.75
2557,380492.3
2558,553227.5
2559,207085.25
2560,328001.8
2561,288273.25
2562,754721.6
2563,499367.94
2564,860061.0
2565,500104.28
2566,605472.56
2567,529937.6
2568,733504.6
2569,356281.12
2570,649107.4
2571,764358.1
2572,447850.94
2573,661963.0
2574,345267.16
2575,321559.1
2576,400719.3
2577,455701.16
2578,381443.5
2579,568987.3
2580,386138.78
2581,209659.94
2582,1406288.1
2583,1649658.8
2584,354531.44
2585,348770.62
2586,415360.53
2587,236481.75
2588,759165.94
2589,535366.9
2590,449672.28
2591,544019.5
2592,365754.12
2593,641090.75
2594,1195882.0
2595,390721.06
2596,571966.5
2597,454678.25
2598,275911.16
2599,443719.72
2600,542757.1
2601,297800.88
2602,616434.2
2603,519465.25
2604,1472181.9
2605,408845.8
2606,354669.6
2607,313767.56
2608,354320.75
2609,673618.7
2610,888009.8
2611,344898.75
2612,325797.12
2613,435457.62
2614,822736.6
2615,433985.2
2616,989212.1
2617,571330.25
2618,238862.55
2619,571080.44
2620,264689.44
2621,281586.8
2622,665814.94
2623,323084.0
2624,492048.47
2625,413011.72
2626,333992.9
2627,802559.75
2628,647220.0
2629,236184.38
2630,406848.6
2631,428000.8
2632,579525.06
2633,888851.06
2634,689236.5
2635,586036.94
2636,355616.6
2637,1300318.8
2638,686677.5
2639,521045.22
2640,326672.3
2641,441130.97
2642,677573.0
2643,1437919.8
2644,662166.2
2645,785151.2
2646,897804.4
2647,291565.97
2648,477303.56
2649,518907.84
2650,559390.6
2651,303330.6
2652,258440.4
2653,443656.1
2654,481123.03
2655,668333.7
2656,412627.2
2657,370776.3
2658,522553.1
2659,478495.6
2660,206468.77
2661,324521.4
2662,639161.9
2663,578196.94
2664,769952.0
2665,334920.38
2666,233995.5
2667,557285.75
2668,262325.03
2669,1078503.4
2670,844231.1
2671,1472181.9
2672,284020.1
2673,299464.38
2674,882261.4
2675,1649658.8
2676,583131.25
2677,523912.8
2678,343447.7
2679,291130.75
2680,727332.75
2681,496951.2
2682,248877.62
2683,398339.6
2684,588240.6
2685,355616.6
2686,331679.56
2687,486795.03
2688,348770.62
2689,725762.0
2690,867272.0
2691,523636.44
2692,535366.9
2693,889885.6
2694,402230.66
2695,475768.2
2696,309531.16
2697,253606.28
2698,387077.34
2699,656428.6
2700,466450.88
2701,262797.56
2702,492468.94
2703,1378537.8
2704,335933.75
2705,550702.7
2706,586878.8
2707,483190.88
2708,623614.2
2709,459895.94
2710,240755.56
2711,370095.4
2712,446488.28
2713,388584.34
2714,468064.2
2715,259331.62
2716,1026603.6
2717,482561.6
2718,1608764.0
2719,836390.6
2720,632301.06
2721,195360.84
2722,467328.3
2723,344217.8
2724,468550.12
2725,607754.06
2726,492609.34
2727,528923.8
2728,612755.7
2729,216171.23
2730,450447.7
2731,475662.56
2732,721143.5
2733,490123.12
2734,355598.75
2735,806060.5
2736,847873.75
2737,410137.47
2738,1982916.8
2739,231491.06
2740,261801.61
2741,518486.25
2742,235692.38
2743,514316.12
2744,539639.06
2745,504970.2
2746,317270.4
2747,545453.4
2748,374824.94
2749,405868.38
2750,1002032.1
2751,337459.84
2752,308028.12
2753,709724.25
2754,489735.66
2755,233102.33
2756,370566.34
2757,803327.1
2758,280360.62
2759,435981.62
2760,467082.25
2761,507948.25
2762,294893.22
2763,597556.75
2764,251909.11
2765,448659.28
2766,1096718.5
2767,383821.66
2768,433108.2
2769,707132.56
2770,462352.16
2771,242138.34
2772,542895.1
2773,483888.56
2774,563134.9
2775,573013.06
2776,448694.94
2777,1074161.1
2778,802135.75
2779,762045.1
2780,232174.88
2781,400685.44
2782,344481.97
2783,236813.8
2784,311333.22
2785,1064647.1
2786,356281.12
2787,332432.75
2788,1410341.8
2789,247461.67
2790,1121571.5
2791,212195.94
2792,605301.8
2793,644240.9
2794,880788.75
2795,701954.56
2796,383962.9
2797,239213.9
2798,329826.2
2799,550143.44
2800,545840.75
2801,249843.81
2802,305907.2
2803,977787.4
2804,631636.94
2805,314290.8
2806,340766.25
2807,479124.88
2808,313767.56
2809,838769.9
2810,1149034.8
2811,851225.4
2812,297589.44
2813,1239387.2
2814,873580.44
2815,643007.8
2816,459895.94
2817,637897.1
2818,445128.6
2819,269573.56
2820,548675.6
2821,216469.62
2822,621617.2
2823,239562.77
2824,253166.31
2825,490439.2
2826,1577366.1
2827,709062.3
2828,765963.3
2829,926391.06
2830,432201.75
2831,653275.6
2832,659050.25
2833,783755.75
2834,435210.53
2835,415637.75
2836,316969.44
2837,538554.4
2838,503220.06
2839,1169826.8
2840,983601.44
2841,526229.94
2842,683529.2
2843,472995.3
2844,653552.25
2845,408175.88
2846,1090618.6
2847,567862.9
2848,278944.53
2849,301666.56
2850,419319.22
2851,271589.3
2852,507948.25
2853,416513.62
2854,462735.8
2855,718232.75
2856,443509.12
2857,1003569.6
2858,729725.44
2859,502305.0
2860,305118.8
2861,422608.38
2862,2222568.5
2863,377619.34
2864,581728.6
2865,770382.75
2866,387922.34
2867,686580.1
2868,647641.4
2869,461650.62
2870,775353.9
2871,265425.53
2872,406499.75
2873,369061.25
2874,887017.6
2875,604355.4
2876,205890.19
2877,854945.75
2878,435108.78
2879,322279.25
2880,887942.1
2881,341258.38
2882,390823.75
2883,648616.56
2884,439450.62
2885,274354.5
2886,798347.6
2887,375297.78
2888,353184.1
2889,266281.44
2890,486903.47
2891,555502.9
2892,918258.56
2893,520415.94
2894,892976.0
2895,816010.94
2896,522901.94
2897,352670.56
2898,509102.53
2899,443896.56
2900,495128.06
2901,808868.1
2902,240227.88
2903,456920.56
2904,1078855.0
2905,433815.12
2906,424915.3
2907,353988.62
2908,565099.5
2909,537925.9
2910,391962.75
2911,1042363.44
2912,688963.25
2913,519465.25
2914,598750.25
2915,839896.3
2916,224383.75
2917,610624.0
2918,685351.3
2919,946430.6
2920,943611.4
2921,786513.06
2922,702019.75
2923,518486.25
2924,230684.38
2925,933802.75
2926,954259.44
2927,287171.38
2928,222682.81
2929,433636.3
2930,1033957.3
2931,472470.9
2932,225398.6
2933,359625.62
2934,681914.1
2935,1243374.6
2936,419454.2
2937,266966.75
2938,1217468.0
2939,271378.84
2940,496951.2
2941,403625.47
2942,365543.97
2943,180039.61
2944,272516.53
2945,467715.34
2946,322835.38
2947,789920.2
2948,360427.44
2949,518170.94
2950,273095.12
2951,781441.5
2952,228249.94
2953,793801.4
2954,1201065.5
2955,1171310.5
2956,587576.5
2957,556588.0
2958,351275.2
2959,451145.44
2960,682728.25
2961,541007.8
2962,405584.12
2963,417316.1
2964,490231.75
2965,516423.8
2966,510500.8
2967,378996.06
2968,242189.48
2969,492958.2
2970,580189.1
2971,526012.06
2972,320545.7
2973,1161075.5
2974,471141.8
2975,765265.6
2976,227850.89
2977,1474847.8
2978,631142.0
2979,1254514.2
2980,581628.6
2981,608203.2
2982,243681.78
2983,522091.8
2984,329787.56
2985,303944.4
2986,613981.9
2987,444982.28
2988,1173059.2
2989,1115203.6
2990,603585.25
2991,399705.25
2992,262255.0
2993,479822.56
2994,669065.2
2995,441023.94
2996,409930.56
2997,331611.94
2998,229425.03
2999,494430.34
3000,576619.25
3001,540823.5
3002,629743.44
3003,1259967.1
3004,719847.06
3005,254377.16
3006,624311.8
3007,655373.3
3008,779304.0
3009,648086.9
3010,323837.25
3011,553748.2
3012,511835.62
3013,270520.44
3014,374195.2
3015,665814.94
3016,269451.88
3017,299464.38
3018,884509.0
3019,308776.94
3020,669206.94
3021,620673.56
3022,412903.06
3023,534112.1
3024,489276.72
3025,780251.5
3026,422608.38
3027,1166261.9
3028,534345.06
3029,1337365.2
3030,596889.75
3031,762045.1
3032,1138039.5
3033,473594.25
3034,341994.62
3035,1876442.2
3036,400021.3
3037,559912.25
3038,826943.75
3039,754203.5
3040,320739.38
3041,358682.5
3042,477973.44
3043,974725.2
3044,763886.2
3045,923300.7
3046,1540765.0
3047,1104774.5
3048,819505.3
3049,254093.75
3050,295086.94
3051,280883.88
3052,247320.28
3053,504549.16
3054,710499.2
3055,229846.31
3056,721206.9
3057,252959.6
3058,799974.9
3059,412415.2
3060,402540.34
3061,770382.75
3062,246130.56
3063,444284.56
3064,644728.25
3065,1473452.2
3066,346722.94
3067,267911.72
3068,320262.6
3069,306623.06
3070,298096.34
3071,577320.3
3072,224735.53
3073,534809.9
3074,573118.5
3075,527944.7
3076,528781.5
3077,481014.6
3078,339855.22
3079,366752.62
3080,325047.2
3081,643300.3
3082,670471.44
3083,1112400.5
3084,395955.34
3085,861041.0
3086,927088.75
3087,293929.97
3088,627534.4
3089,447502.1
3090,315308.5
3091,430627.4
3092,1184953.9
3093,214523.98
3094,443307.25
3095,862726.75
3096,476360.28
3097,397812.3
3098,1051064.0
3099,747252.94
3100,680451.06
3101,368170.25
3102,746330.25
3103,521394.1
3104,423796.3
3105,491945.2
3106,601725.06
3107,232101.95
3108,456959.72
3109,647641.4
3110,273618.4
3111,342010.88
3112,1146160.0
3113,936401.9
3114,673127.9
3115,415986.56
3116,703144.44
3117,1168717.2
3118,535047.75
3119,302545.97
3120,710810.2
3121,356612.16
3122,1750355.5
3123,682897.5
3124,180995.16
3125,366420.56
3126,544471.94
3127,641090.75
3128,607156.7
3129,730588.6
3130,967919.25
3131,222739.03
3132,296574.16
3133,702514.0
3134,399987.72
3135,900118.75
3136,334198.97
3137,983463.56
3138,239282.31
3139,661783.0
3140,455035.88
3141,594790.8
3142,341468.66
3143,357171.2
3144,697922.94
3145,289920.47
3146,247738.77
3147,1696167.6
3148,642524.3
3149,699885.1
3150,601100.06
3151,621094.3
3152,259472.06
3153,463398.7
3154,488340.22
3155,641152.94
3156,564607.0
3157,1395845.2
3158,625435.1
3159,683878.75
3160,368817.1
3161,481123.03
3162,326444.38
3163,480283.06
3164,564607.0
3165,843384.94
3166,823929.75
3167,734522.06
3168,1512459.9
3169,369310.38
3170,466450.88
3171,455452.72
3172,403974.3
3173,424674.06
3174,272602.06
3175,670435.8
3176,493273.16
3177,342570.44
3178,722538.94
3179,456920.56
3180,683425.94
3181,1153237.9
3182,768485.2
3183,3102466.5
3184,368363.53
3185,343321.7
3186,306485.78
3187,317197.94
3188,296732.22
3189,426845.03
3190,261433.44
3191,782206.94
3192,622665.75
3193,725308.1
3194,510609.53
3195,206207.9
3196,207993.61
3197,463651.47
3198,276683.03
3199,531476.4
3200,409862.62
3201,318917.75
3202,302545.97
3203,685665.9
3204,381926.62
3205,974571.6
3206,374476.06
3207,229216.27
3208,587576.5
3209,309985.3
3210,651489.1
3211,445128.6
3212,808229.94
3213,486130.9
3214,318321.75
3215,890256.5
3216,270520.44
3217,230055.23
3218,565338.56
3219,1811598.6
3220,324344.06
3221,593706.06
3222,618182.56
3223,223087.88
3224,257230.45
3225,745995.1
3226,695122.1
3227,785222.6
3228,335584.9
3229,359347.03
3230,249403.81
3231,777413.5
3232,319353.3
3233,297240.6
3234,515545.0
3235,1289944.1
3236,337876.3
3237,519781.6
3238,216101.22
3239,381759.2
3240,466592.06
3241,495304.03
3242,635170.3
3243,835263.75
3244,247896.83
3245,400649.8
3246,529378.25
3247,596439.2
3248,947128.3
3249,456920.56
3250,430728.5
3251,663392.4
3252,591322.56
3253,456818.3
3254,526825.7
3255,657926.9
3256,465785.62
3257,641578.6
3258,737001.94
3259,1476457.0
3260,1033544.6
3261,707943.1
3262,499722.62
3263,443307.25
3264,379195.88
3265,241649.28
3266,268560.34
3267,731087.25
3268,581379.8
3269,368992.78
3270,263255.1
3271,226574.1
3272,590134.7
3273,516423.8
3274,419319.22
3275,411261.34
3276,661894.1
3277,558865.75
3278,366944.2
3279,745556.1
3280,653725.9
3281,722473.7
3282,521045.22
3283,634820.8
3284,252012.58
3285,488506.53
3286,873847.6
3287,273443.97
3288,242382.98
3289,586592.44
3290,425448.5
3291,481329.6
3292,403625.47
3293,376327.6
3294,352830.72
3295,506898.8
3296,429643.34
3297,308498.66
3298,256407.42
3299,736935.9
3300,352007.34
3301,611464.94
3302,325551.2
3303,382662.9
3304,553365.44
3305,293229.22
3306,671517.6
3307,536520.56
3308,280676.3
3309,271605.53
3310,274441.16
3311,245026.19
3312,265846.44
3313,757484.7
3314,462847.0
3315,405868.38
3316,687307.6
3317,502450.34
3318,1066674.8
3319,606492.5
3320,473099.66
3321,268856.56
3322,438539.8
3323,442284.62
3324,361761.88
3325,520511.78
3326,322893.06
3327,1007137.2
3328,532284.7
3329,1039994.6
3330,247494.7
3331,657586.8
3332,365770.34
3333,273917.88
3334,568600.25
3335,545658.5
3336,418019.62
3337,1138185.0
3338,1031933.8
3339,479193.3
3340,368468.25
3341,411779.72
3342,274844.6
3343,1255765.9
3344,377450.88
3345,618712.75
3346,1579206.2
3347,818662.7
3348,626028.4
3349,457695.56
3350,404918.88
3351,1142659.9
3352,482138.9
3353,342428.38
3354,463651.47
3355,349153.34
3356,482764.72
3357,328614.9
3358,269556.2
3359,430976.25
3360,536102.75
3361,623857.8
3362,501785.1
3363,625120.1
3364,881486.5
3365,256073.47
3366,837718.9
3367,654917.9
3368,742359.6
3369,1071645.0
3370,707830.25
3371,269399.16
3372,205510.22
3373,400505.16
3374,191316.88
3375,570033.9
3376,383962.9
3377,452373.12
3378,257914.2
3379,250159.66
3380,443054.8
3381,208852.1
3382,675820.5
3383,233749.16
3384,948523.7
3385,991382.4
3386,290325.12
3387,556451.5
3388,272813.2
3389,496286.22
3390,491906.62
3391,608167.56
3392,306976.34
3393,419948.5
3394,573394.4
3395,472115.7
3396,850458.1
3397,772198.6
3398,346722.94
3399,559772.0
3400,538797.7
3401,615246.4
3402,269905.56
3403,1240571.5
3404,259069.03
3405,754203.5
3406,441688.1
3407,486903.47
3408,573888.7
3409,641294.25
3410,288973.47
3411,421731.3
3412,818878.94
3413,356352.47
3414,724852.25
3415,279396.2
3416,407510.62
3417,403349.66
3418,245236.3
3419,692388.56
3420,534035.4
3421,508153.0
3422,518137.44
3423,1250239.6
3424,884288.9
3425,431295.28
3426,580083.4
3427,601376.2
3428,441130.97
3429,319598.7
3430,638532.5
3431,706005.4
3432,1688318.9
3433,442919.8
3434,715264.6
3435,262361.38
3436,642879.0
3437,789111.7
3438,350032.03
3439,545309.6
3440,460109.84
3441,841363.1
3442,601725.06
3443,297027.78
3444,477896.1
3445,509764.56
3446,692815.1
3447,255692.8
3448,786513.06
3449,241455.55
3450,300828.5
3451,342676.0
3452,492048.47
3453,722293.25
3454,395219.06
3455,585372.8
3456,269539.78
3457,535366.9
3458,484029.47
3459,388528.4
3460,951176.06
3461,358889.75
3462,512465.38
3463,437660.0
3464,731998.75
3465,365527.62
3466,1113600.0
3467,985285.25
3468,250334.08
3469,380462.56
3470,630300.25
3471,1465680.4
3472,446804.38
3473,621477.0
3474,318568.9
3475,516242.7
3476,507455.3
3477,537507.5
3478,454367.97
3479,368627.7
3480,430869.66
3481,389954.97
3482,644557.8
3483,207784.84
3484,968619.1
3485,921632.06
3486,2224408.5
3487,275669.25
3488,344286.06
3489,541530.0
3490,324308.6
3491,218498.88
3492,271342.16
3493,278522.2
3494,255165.11
3495,744146.2
3496,223611.16
3497,251626.6
3498,604914.3
3499,342536.6
3500,443087.28
3501,1156881.1
3502,629045.75
3503,944105.6
3504,301037.28
3505,376625.25
3506,684090.06
3507,807948.0
3508,253449.7
3509,1180754.9
3510,512012.12
3511,459129.6
3512,279695.66
3513,531792.5
3514,643047.0
3515,289183.75
3516,734867.25
3517,465157.44
3518,596928.3
3519,373773.34
3520,371321.6
3521,552387.6
3522,473626.97
3523,200359.98
3524,981508.25
3525,1207723.8
3526,200115.47
3527,762188.7
3528,422395.5
3529,913142.75
3530,556200.56
3531,1358023.4
3532,500699.97
3533,1140764.8
3534,849347.44
3535,304525.66
3536,225010.88
3537,237637.89
3538,531056.2
3539,260928.02
3540,276243.62
3541,458568.7
3542,551755.06
3543,341607.2
3544,302911.06
3545,431537.38
3546,921340.25
3547,708460.7
3548,525314.4
3549,198450.83
3550,464905.94
3551,794216.8
3552,617484.9
3553,480631.9
3554,350015.66
3555,271589.3
3556,535396.6
3557,881979.6
3558,814682.7
3559,942137.06
3560,1002729.75
3561,195447.5
3562,299428.9
3563,493655.9
3564,658489.25
3565,201813.05
3566,917004.1
3567,354862.44
3568,290288.4
3569,589712.8
3570,273618.4
3571,391355.8
3572,253257.44
3573,615978.8
3574,380674.03
3575,487252.3
3576,501714.06
3577,881003.8
3578,332432.75
3579,815169.2
3580,483046.25
3581,696101.6
3582,603755.6
3583,510887.84
3584,563797.75
3585,714910.8
3586,436330.5
3587,603302.75
3588,851096.25
3589,949502.2
3590,531443.6
3591,490051.7
3592,485152.78
3593,531272.25
3594,460706.06
3595,527557.2
3596,1137122.8
3597,337442.47
3598,691126.94
3599,510152.0
3600,330631.25
3601,543559.3
3602,191736.69
3603,617732.56
3604,1025066.0
3605,636395.06
3606,287558.62
3607,624840.25
3608,658876.75
3609,285191.7
3610,817190.94
3611,493172.06
3612,283142.3
3613,252206.1
3614,523563.97
3615,363916.0
3616,1249188.6
3617,557214.7
3618,274005.66
3619,1605820.5
3620,565803.3
3621,352585.9
3622,514421.1
3623,631807.0
3624,1441017.8
3625,496321.03
3626,794372.4
3627,386553.97
3628,591258.0
3629,613453.4
3630,571080.44
3631,1359074.5
3632,545453.4
3633,349502.2
3634,364945.78
3635,892278.25
3636,609780.9
3637,699395.5
3638,501714.06
3639,413399.16
3640,685665.9
3641,472750.88
3642,312682.03
3643,935627.0
3644,685882.44
3645,676911.0
3646,515893.84
3647,751638.25
3648,1051258.0
3649,632859.6
3650,1153237.9
3651,1022198.94
3652,1525485.0
3653,1080685.1
3654,442424.38
3655,1406572.5
3656,360798.1
3657,287766.34
3658,446455.56
3659,244905.25
3660,536383.2
3661,559772.0
3662,617165.8
3663,436125.56
3664,1210246.9
3665,1787215.5
3666,682831.5
3667,820972.0
3668,899343.9
3669,416684.28
3670,411682.66
3671,332309.62
3672,1524376.6
3673,697119.1
3674,304101.9
3675,474429.62
3676,287575.0
3677,805235.56
3678,782139.2
3679,635170.3
3680,1202389.6
3681,543559.3
3682,311632.97
3683,617484.9
3684,750346.9
3685,306640.9
3686,489735.66
3687,330368.78
3688,400998.62
3689,529029.4
3690,544442.2
3691,275193.47
3692,1127254.6
3693,210515.69
3694,666473.5
3695,316832.16
3696,426561.38
3697,369746.56
3698,227992.14
3699,662660.8
3700,720088.9
3701,280535.06
3702,672179.6
3703,473726.88
3704,412096.12
3705,785580.4
3706,470720.0
3707,662763.75
3708,812433.75
3709,480774.2
3710,608764.06
3711,1509801.5
3712,2461956.8
3713,386099.62
3714,441968.25
3715,667385.94
3716,499785.2
3717,1224468.8
3718,487531.88
3719,504200.3
3720,329072.94
3721,722473.7
3722,617102.1
3723,457269.38
3724,343725.3
3725,361146.97
3726,493655.9
3727,619061.6
3728,673377.9
3729,475908.2
3730,566075.44
3731,419319.22
3732,377361.12
3733,839967.75
3734,430695.78
3735,241666.19
3736,525845.4
3737,843248.1
3738,1124873.6
3739,248756.58
3740,559214.6
3741,423693.56
3742,606071.5
3743,510648.66
3744,549339.7
3745,612583.5
3746,430762.38
3747,546638.75
3748,282652.66
3749,889820.0
3750,305170.62
3751,490676.72
3752,454964.8
3753,649107.4
3754,673760.9
3755,532809.25
3756,282146.3
3757,416580.22
3758,551302.1
3759,1055965.1
3760,818878.94
3761,500735.62
3762,285891.9
3763,501365.22
3764,504654.06
3765,795903.6
3766,542334.9
3767,303404.22
3768,572066.56
3769,1029763.56
3770,365805.0
3771,279376.9
3772,274354.5
3773,754540.4
3774,770171.9
3775,1702759.5
3776,428243.38
3777,426212.53
3778,532008.6
3779,288641.4
3780,503007.75
3781,740467.9
3782,378044.97
3783,815020.6
3784,474998.44
3785,379846.25
3786,232174.88
3787,787210.75
3788,502590.5
3789,467464.94
3790,694424.4
3791,482874.78
3792,457269.38
3793,973589.44
3794,325235.34
3795,458117.84
3796,455452.72
3797,769880.6
3798,279956.44
3799,881281.9
3800,843384.94
3801,255287.67
3802,351275.2
3803,640876.3
3804,833444.25
3805,375561.22
3806,458955.75
3807,1283844.9
3808,281567.75
3809,616715.1
3810,537397.25
3811,319404.94
3812,329826.2
3813,700164.8
3814,851853.44
3815,338225.22
3816,238303.27
3817,1017070.9
3818,971342.8
3819,716338.7
3820,943122.06
3821,271167.72
3822,431077.34
3823,556549.44
3824,341449.06
3825,685915.2
3826,568987.3
3827,647112.44
3828,422259.56
3829,239790.47
3830,652678.75
3831,397186.5
3832,372832.94
3833,443656.1
3834,316499.7
3835,650791.44
3836,1046216.5
3837,647951.6
3838,868179.56
3839,611182.4
3840,336495.44
3841,1067294.1
3842,289414.47
3843,373514.25
3844,1597423.5
3845,775844.0
3846,340644.5
3847,569685.0
3848,681392.5
3849,226784.33
3850,482874.78
3851,329925.28
3852,601936.8
3853,443971.38
3854,1014423.25
3855,436645.75
3856,491452.2
3857,616753.3
3858,688005.3
3859,428349.66
3860,250663.33
3861,375414.6
3862,333818.3
3863,371512.2
3864,261433.44
3865,236956.97
3866,341713.25
3867,282165.9
3868,484552.75
3869,1510025.5
3870,873290.9
3871,237305.83
3872,837021.2
3873,409052.3
3874,1895651.2
3875,1057847.0
3876,552137.75
3877,426561.38
3878,275597.62
3879,883811.4
3880,694347.2
3881,515230.94
3882,743100.94
3883,410700.72
3884,749752.4
3885,263867.78
3886,255707.69
3887,209184.56
3888,397990.75
3889,692844.9
3890,389954.97
3891,654637.44
3892,444633.4
3893,242015.06
3894,407197.44
3895,835127.9
3896,839467.56
3897,448902.5
3898,392611.6
3899,552137.75
3900,214085.9
3901,465506.34
3902,509803.1
3903,554313.25
3904,192470.62
3905,523912.8
3906,382932.72
3907,684194.2
3908,219916.3
3909,678666.9
3910,390894.4
3911,830147.75
3912,713790.7
3913,591606.9
3914,443307.25
3915,472115.7
3916,848781.9
3917,488340.22
3918,572382.6
3919,631387.1
3920,417497.97
3921,298149.7
3922,467082.25
3923,467846.53
3924,639472.1
3925,276874.4
3926,443054.8
3927,631419.56
3928,357171.2
3929,267018.0
3930,352237.06
3931,369552.97
3932,279939.06
3933,336302.2
3934,354563.12
3935,547835.06
3936,514568.9
3937,1096020.6
3938,699395.5
3939,431644.12
3940,407197.44
3941,274844.6
3942,606769.25
3943,541917.0
3944,342151.94
3945,583234.6
3946,582045.0
3947,466833.56
3948,217836.28
3949,336706.12
3950,543768.8
3951,831274.9
3952,413117.9
3953,564184.75
3954,858386.9
3955,479441.28
3956,598541.1
3957,342676.0
3958,1591534.9
3959,342972.8
3960,840795.9
3961,446175.12
3962,234206.84
3963,384940.62
3964,670819.9
3965,376050.1
3966,374824.94
3967,576761.9
3968,1731752.6
3969,341416.06
3970,615246.4
3971,365527.62
3972,505983.12
3973,583622.7
3974,221929.31
3975,512082.7
3976,547236.2
3977,561418.3
3978,669840.06
3979,1762563.0
3980,541356.7
3981,333818.3
3982,491383.22
3983,331296.22
3984,1284906.1
3985,658983.8
3986,650639.44
3987,568876.7
3988,332226.3
3989,1128438.5
3990,807948.0
3991,999707.06
3992,461403.75
3993,378221.62
3994,512465.38
3995,271464.28
3996,407122.56
3997,461650.62
3998,503675.7
3999,478844.44
4000,515687.94
4001,441935.78
4002,393256.88
4003,629777.3
4004,1260251.6
4005,278890.62
4006,546189.6
4007,574374.9
4008,594054.9
4009,255250.72
4010,358351.44
4011,592760.7
4012,630790.25
4013,431044.6
4014,1347521.2
4015,244289.28
4016,380707.2
4017,687592.44
4018,345811.88
4019,1175085.2
4020,473344.2
4021,866574.3
4022,1028919.9
4023,461267.0
4024,241666.19
4025,1969039.9
4026,664157.25
4027,694875.5
4028,466552.88
4029,817190.94
4030,834772.6
4031,354880.3
4032,956429.7
4033,1992281.0
4034,2036129.9
4035,616153.8
4036,325603.4
4037,263199.84
4038,654673.1
4039,687592.44
4040,231423.81
4041,431776.12
4042,284003.84
4043,224487.6
4044,455313.7
4045,697893.1
4046,568527.9
4047,677608.75
4048,414371.5
4049,602355.2
4050,538762.9
4051,438081.3
4052,1120938.8
4053,375978.75
4054,431644.12
4055,332291.78
4056,268260.6
4057,333883.75
4058,435632.78
4059,273095.12
4060,418329.9
4061,365594.8
4062,415145.94
4063,523636.44
4064,1007410.25
4065,514847.28
4066,329157.5
4067,269520.5
4068,437311.16
4069,377619.34
4070,711232.56
4071,407510.62
4072,359449.3
4073,313014.5
4074,229986.67
4075,500318.66
4076,448694.94
4077,203108.9
4078,619449.1
4079,280360.62
4080,220197.66
4081,578578.56
4082,1337232.5
4083,714772.6
4084,446524.0
4085,731189.0
4086,599767.25
4087,425690.38
4088,338614.7
4089,998174.4
4090,526786.5
4091,504587.75
4092,1150567.5
4093,467328.3
4094,637581.6
4095,568527.9
4096,361464.5
4097,712561.6
4098,329157.5
4099,817406.4
4100,194992.7
4101,647148.1
4102,297027.78
4103,579281.6
4104,877776.7
4105,1485894.2
4106,2647850.2
4107,429294.5
4108,840098.2
4109,364264.9
4110,360904.53
4111,1183910.8
4112,330019.94
4113,1068921.4
4114,502833.03
4115,283810.16
4116,227026.66
4117,852155.0
4118,296853.38
4119,426561.38
4120,650791.44
4121,596192.0
4122,468898.94
4123,292354.25
4124,277926.2
4125,378679.72
4126,528923.8
4127,524858.25
4128,527833.06
4129,356612.16
4130,446175.12
4131,592310.4
4132,765265.6
4133,434793.53
4134,531127.56
4135,481363.44
4136,1070947.2
4137,218462.36
4138,525845.4
4139,229671.89
4140,999510.2
4141,810400.25
4142,489037.94
4143,250857.33
4144,203232.34
4145,311284.12
4146,1444585.9
4147,464349.16
4148,758754.2
4149,410733.2
4150,527315.44
4151,965820.3
4152,1049591.4
4153,909929.0
4154,379058.34
4155,1624601.6
4156,371899.62
4157,347561.38
4158,215190.14
4159,551472.8
4160,611464.94
4161,1033473.4
4162,307183.5
4163,422536.78
4164,413983.44
4165,242891.34
4166,1080542.5
4167,533370.44
4168,710534.9
4169,776051.6
4170,495729.7
4171,297643.22
4172,699003.75
4173,847027.5
4174,971486.4
4175,558865.75
4176,506199.0
4177,284842.8
4178,736061.56
4179,415461.22
4180,588666.25
4181,620081.4
4182,749087.44
4183,250258.69
4184,552137.75
4185,1015818.75
4186,288834.9
4187,567198.75
4188,968756.0
4189,446804.38
4190,408246.94
4191,889266.25
4192,360254.9
4193,403801.25
4194,488229.06
4195,520764.8
4196,573013.06
4197,421767.0
4198,292965.56
4199,233136.8
4200,263080.66
4201,779486.0
4202,481053.75
4203,249175.9
4204,274844.6
4205,309091.6
4206,703485.6
4207,260331.58
4208,245273.2
4209,411779.72
4210,710534.9
4211,448166.22
4212,967144.4
4213,392908.0
4214,877705.25
4215,682377.9
4216,354918.88
4217,844518.5
4218,1394159.1
4219,351873.3
4220,889963.94
4221,1186354.2
4222,235205.45
4223,363828.34
4224,263693.3
4225,422395.5
4226,1019528.44
4227,353971.88
4228,368113.88
4229,1431216.4
4230,299043.38
4231,1740840.1
4232,680092.06
4233,566883.75
4234,583273.8
4235,773456.3
4236,1207723.8
4237,953211.25
4238,433815.12
4239,614300.94
4240,405301.6
4241,238162.62
4242,292108.34
4243,359131.56
4244,456262.03
4245,282863.6
4246,649706.25
4247,249595.19
4248,570033.9
4249,523912.8
4250,212283.55
4251,279837.34
4252,743448.4
4253,401347.5
4254,845991.06
4255,416412.78
4256,719391.1
4257,213039.22
4258,684060.3
4259,219095.8
4260,693445.25
4261,811525.1
4262,276683.03
4263,553859.75
4264,229216.27
4265,238759.05
4266,714876.0
4267,455313.7
4268,366784.28
4269,1162558.9
4270,500420.3
4271,713997.75
4272,253449.7
4273,303578.62
4274,535009.2
4275,480283.06
4276,1032631.56
4277,427124.34
4278,384809.0
4279,365107.28
4280,328195.56
4281,566501.06
4282,720509.1
4283,648409.75
4284,2066384.2
4285,198205.83
4286,511384.94
4287,257615.78
4288,236323.56
4289,807396.4
4290,426845.03
4291,495128.06
4292,321504.25
4293,970937.1
4294,420646.2
4295,534384.25
4296,495128.06
4297,897804.4
4298,367610.2
4299,627218.3
4300,452900.12
4301,291512.3
4302,399739.1
4303,349644.56
4304,583760.25
4305,518275.6
4306,590522.1
4307,273776.44
4308,371043.6
4309,541288.25
4310,547585.06
4311,495342.62
4312,492817.78
4313,396203.28
4314,453035.97
4315,335162.72
4316,365228.16
4317,388584.34
4318,1624867.0
4319,267737.3
4320,615838.5
4321,236672.4
4322,493942.22
4323,545453.4
4324,639403.7
4325,393875.25
4326,349714.28
4327,1048667.6
4328,375561.22
4329,464349.16
4330,408246.94
4331,1108547.5
4332,440743.53
4333,516423.8
4334,290269.34
4335,1129213.4
4336,571816.75
4337,785435.5
4338,224819.52
4339,235866.78
4340,383614.06
4341,877635.7
4342,254377.16
4343,1344662.8
4344,455801.56
4345,791979.6
4346,228902.64
4347,826022.8
4348,1208834.6
4349,392611.6
4350,362215.28
4351,493307.06
4352,455701.16
4353,469915.72
4354,602388.0
4355,457871.0
4356,433039.53
4357,743935.6
4358,355616.6
4359,442919.8
4360,333256.66
4361,822937.5
4362,288921.44
4363,288834.9
4364,363162.28
4365,411543.3
4366,510997.53
4367,258212.22
4368,731507.6
4369,400685.44
4370,409331.66
4371,577669.2
4372,1310196.9
4373,825873.25
4374,321439.8
4375,278226.06
4376,305469.34
4377,351572.53
4378,724574.75
4379,462632.62
4380,543768.8
4381,492609.34
4382,1003427.5
4383,321853.12
4384,421030.72
4385,226624.8
4386,292090.9
4387,2051811.0
4388,1146723.2
4389,231491.06
4390,870490.06
4391,333411.7
4392,545561.1
4393,690631.9
4394,415288.88
4395,732205.3
4396,487808.88
4397,394572.97
4398,547901.1
4399,562437.1
4400,431363.7
4401,615489.6
4402,465855.16
4403,343376.44
4404,1240919.2
4405,525109.1
4406,692815.1
4407,1068921.4
4408,204757.2
4409,684472.3
4410,258368.81
4411,1066740.1
4412,536941.8
4413,976679.94
4414,625048.1
4415,867272.0
4416,463335.3
4417,675752.06
4418,1089649.1
4419,385457.44
4420,281742.16
4421,432725.5
4422,533021.6
4423,298553.88
4424,737702.8
4425,645398.0
4426,606071.5
4427,461964.7
4428,383614.06
4429,444702.94
4430,518981.66
4431,403276.62
4432,900816.5
4433,432125.0
4434,598541.1
4435,521045.22
4436,615911.5
4437,426561.38
4438,1517377.9
4439,326638.12
4440,556451.5
4441,255250.72
4442,472646.47
4443,858588.4
4444,192977.33
4445,449819.25
4446,442254.88
4447,343274.16
4448,431644.12
4449,563870.75
4450,524615.5
4451,323241.88
4452,550458.75
4453,384135.66
4454,544573.4
4455,532111.56
4456,750973.3
4457,619061.6
4458,582045.0
4459,919318.44
4460,325603.4
4461,379846.25
4462,415986.56
4463,994453.9
4464,562712.56
4465,172722.05
4466,226186.86
4467,373846.38
4468,241069.77
4469,255793.11
4470,646167.4
4471,405584.12
4472,380009.5
4473,287327.97
4474,373863.12
4475,254655.9
4476,700093.2
4477,632301.06
4478,267524.2
4479,368627.7
4480,351359.03
4481,1131606.0
4482,250384.92
4483,495406.0
4484,347055.0
4485,779304.0
4486,959160.06
4487,322699.34
4488,676177.6
4489,608203.2
4490,585158.44
4491,469634.84
4492,546189.6
4493,292354.25
4494,559950.5
4495,545840.75
4496,227097.38
4497,1821252.8
4498,384421.6
4499,626415.44
4500,687941.94
4501,291249.72
4502,1203449.5
4503,665117.25
4504,250314.48
4505,446804.38
4506,799344.4
4507,233664.47
4508,488229.06
4509,1060781.9
4510,935692.44
4511,565099.5
4512,903064.25
4513,989557.75
4514,439062.62
4515,487808.88
4516,642978.06
4517,773991.25
4518,200674.06
4519,299883.94
4520,353518.06
4521,510260.62
4522,920713.9
4523,481897.5
4524,462947.88
4525,215555.94
4526,655270.5
4527,502799.2
4528,339348.66
4529,485289.0
4530,327652.97
4531,344618.56
4532,558299.8
4533,808791.75
4534,617102.1
4535,392611.6
4536,382916.38
4537,270504.25
4538,628581.0
4539,458083.03
4540,272059.12
4541,535963.7
4542,251784.78
4543,255830.23
4544,340644.5
4545,228025.3
4546,1304856.6
4547,530042.44
4548,295067.66
4549,396377.2
4550,702752.25
4551,374195.2
4552,984520.3
4553,581064.5
4554,328317.5
4555,314523.2
4556,386553.97
4557,611116.06
4558,686088.2
4559,596508.44
4560,706434.8
4561,1106454.4
4562,963794.4
4563,390507.38
4564,245219.9
4565,427788.47
4566,784106.44
4567,391613.94
4568,1071430.8
4569,729439.1
4570,464629.8
4571,236323.56
4572,679364.6
4573,539427.8
4574,597804.8
4575,544824.9
4576,253780.72
4577,446175.12
4578,367433.94
4579,416197.53
4580,967360.56
4581,828819.5
4582,622036.5
4583,963096.6
4584,262797.56
4585,421871.53
4586,722326.8
4587,420960.22
4588,260469.03
4589,297938.3
4590,1302270.5
4591,354474.44
4592,232368.4
4593,340156.56
4594,532809.25
4595,387499.22
4596,411779.72
4597,487143.94
4598,481897.5
4599,584388.75
4600,376050.1
4601,515156.97
4602,679997.06
4603,338004.75
4604,500667.47
4605,263548.72
4606,668857.75
4607,448166.22
4608,352571.03
4609,660736.94
4610,529693.5
4611,265038.3
4612,745665.25
4613,325882.2
4614,254461.9
4615,394611.56
4616,822599.25
4617,562824.1
4618,247409.5
4619,436330.5
4620,207470.34
4621,431044.6
4622,531792.5
4623,521394.1
4624,613211.7
4625,514316.12
4626,333256.66
4627,580538.0
4628,236481.75
4629,303384.94
4630,316969.44
4631,724852.25
4632,1647990.0
4633,417316.1
4634,860061.0
4635,715264.6
4636,468064.2
4637,690002.6
4638,691725.6
4639,315887.6
4640,227358.72
4641,247846.08
4642,281218.88
4643,502134.0
4644,212789.4
4645,1295282.0
4646,397186.5
4647,300043.47
4648,388567.56
4649,574586.4
4650,536699.56
4651,538903.2
4652,557741.4
4653,361269.78
4654,460109.84
4655,265339.1
4656,269188.0
4657,761197.75
4658,463893.56
4659,475662.56
4660,1215010.4
4661,330368.78
4662,1223477.2
4663,1158486.4
4664,578229.7
4665,568498.06
4666,345316.25
4667,246409.22
4668,478809.62
4669,280709.5
4670,671517.6
4671,608167.56
4672,381926.62
4673,2304650.8
4674,423025.6
4675,795827.3
4676,336302.2
4677,1253040.6
4678,827346.94
4679,386238.28
4680,371550.78
4681,495898.8
4682,249156.83
4683,639161.9
4684,362249.12
4685,272938.53
4686,498313.0
4687,774514.94
4688,527276.8
4689,500735.62
4690,839193.7
4691,233607.77
4692,279782.03
4693,371512.2
4694,352222.2
4695,622699.4
4696,941650.3
4697,1437795.2
4698,247738.77
4699,528331.7
4700,303753.06
4701,468761.88
4702,519610.2
4703,703984.25
4704,373863.12
4705,704473.5
4706,310860.38
4707,709062.3
4708,506863.12
4709,392611.6
4710,391320.97
4711,361813.38
4712,482342.44
4713,745556.1
4714,713223.6
4715,711130.56
4716,421871.53
4717,282863.6
4718,312455.7
4719,298096.34
4720,471384.12
4721,488577.9
4722,526858.44
4723,307989.75
4724,515654.06
4725,349942.88
4726,186124.56
4727,580328.2
4728,234206.84
4729,742505.25
4730,275072.06
4731,659651.8
4732,1062886.8
4733,276788.5
4734,703945.06
4735,852424.4
4736,680590.6
4737,421692.75
4738,560541.6
4739,363162.28
4740,195552.2
4741,553472.3
4742,770803.25
4743,1133334.6
4744,285088.72
4745,1152393.4
4746,1168574.6
4747,546749.1
4748,1156458.8
4749,499436.34
4750,1127594.8
4751,366435.44
4752,305501.62
4753,342570.44
4754,1218165.6
4755,805777.7
4756,428698.53
4757,496669.9
4758,351643.62
4759,397884.2
4760,540375.3
4761,851225.4
4762,1442976.5
4763,396203.28
4764,366102.97
4765,950199.94
4766,938494.94
4767,332955.8
4768,618885.3
4769,590760.44
4770,599767.25
4771,505143.12
4772,343568.8
4773,670819.9
4774,453248.97
4775,518313.75
4776,533370.44
4777,694177.8
4778,416613.78
4779,464203.22
4780,261607.89
4781,382982.0
4782,298062.28
4783,237004.47
4784,902844.1
4785,401455.6
4786,449672.28
4787,402299.03
4788,560337.9
4789,238390.9
4790,301967.38
4791,666164.25
4792,600920.1
4793,351326.44
4794,764358.1
4795,591258.0
4796,672179.6
4797,254235.03
4798,356263.3
4799,522440.62
4800,555502.9
4801,1277064.5
4802,384278.6
4803,385191.75
4804,440743.53
4805,965122.6
4806,275545.34
4807,645670.1
4808,979182.75
4809,339348.66
4810,453631.7
4811,386221.5
4812,661963.0
4813,1112902.4
4814,723765.0
4815,423344.7
4816,278100.62
4817,427613.78
4818,761413.75
4819,669662.7
4820,610340.56
4821,231019.36
4822,232401.69
4823,444982.28
4824,1113098.1
4825,830432.25
4826,372832.94
4827,768068.44
4828,633730.3
4829,417632.2
4830,230020.73
4831,957618.6
4832,786210.4
4833,549688.56
4834,1359418.9
4835,226203.11
4836,655692.8
4837,526928.0
4838,1176003.6
4839,262167.38
4840,261801.61
4841,267788.44
4842,184023.3
4843,276069.22
4844,644557.8
4845,440360.8
4846,594936.94
4847,1376010.0
4848,857396.4
4849,244887.42
4850,228654.6
4851,1431216.4
4852,334184.06
4853,494191.16
4854,559950.5
4855,350184.97
4856,611635.75
4857,556200.56
4858,322977.47
4859,243643.4
4860,412903.06
4861,568561.7
4862,651206.2
4863,358002.62
4864,595285.8
4865,507390.75
4866,261661.94
4867,208693.62
4868,1118845.6
4869,1056101.9
4870,443307.25
4871,519997.62
4872,494988.8
4873,218287.94
4874,550037.44
4875,1664253.8
4876,381926.62
4877,303404.22
4878,1198823.9
4879,362969.0
4880,1036341.3
4881,698590.9
4882,272780.9
4883,346842.9
4884,486130.9
4885,550702.7
4886,350500.7
4887,219900.06
4888,277279.06
4889,822163.5
4890,488577.9
4891,345596.44
4892,920219.0
4893,857957.8
4894,383962.9
4895,315082.7
4896,353041.62
4897,356999.16
4898,241069.77
4899,454367.97
4900,477198.4
4901,448378.8
4902,343321.7
4903,313609.44
4904,612162.56
4905,541738.0
4906,340802.22
4907,605860.0
4908,683145.4
4909,664379.25
4910,624594.7
4911,254745.3
4912,533337.7
4913,1129136.2
4914,901179.25
4915,357925.88
4916,228828.53
4917,695787.06
4918,605301.8
4919,631177.7
4920,302003.6
4921,804024.75
4922,391526.47
4923,625435.1
4924,583518.3
4925,360920.94
4926,478564.03
4927,518170.94
4928,751121.8
4929,923171.5
4930,408005.78
4931,552667.75
4932,479344.88
4933,1381641.5
4934,1268789.9
4935,281356.6
4936,298219.9
4937,968058.3
4938,818329.2
4939,413360.62
4940,465123.62
4941,790437.5
4942,379058.34
4943,759320.7
4944,303770.0
4945,592587.06
4946,464420.06
4947,742008.25
4948,288049.2
4949,284194.53
4950,621720.06
4951,225646.16
4952,617102.1
4953,371585.44
4954,529029.4
4955,331960.75
4956,405132.06
4957,506616.25
4958,465855.16
4959,938153.75
4960,591258.0
4961,791979.6
4962,511733.78
4963,621304.0
4964,500904.2
4965,595775.06
4966,474679.38
4967,533337.7
4968,382179.38
4969,457871.0
4970,519465.25
4971,1256541.9
4972,2014819.9
4973,830989.0
4974,279433.2
4975,324853.47
4976,351027.6
4977,309356.72
4978,264340.62
4979,549617.94
4980,345410.84
4981,660237.3
4982,404115.3
4983,713436.9
4984,247671.64
4985,598857.2
4986,713921.4
4987,2104046.2
4988,309634.2
4989,487570.5
4990,416373.62
4991,198276.39
4992,329492.25
4993,209761.77
4994,1216770.2
4995,1033957.3
4996,454964.8
4997,592310.4
4998,373863.12
4999,249403.81
5000,542653.9
5001,732415.1
5002,409401.2
5003,368170.25
5004,623470.75
5005,626593.4
5006,259316.72
5007,519465.25
5008,408563.3
5009,407510.62
5010,335915.9
5011,376625.25
5012,645954.3
5013,340276.1
5014,896331.8
5015,340957.44
5016,1012184.06
5017,377838.94
5018,263025.44
5019,269699.34
5020,1149310.0
5021,275125.4
5022,481548.62
5023,573118.5
5024,405200.44
5025,672083.8
5026,716702.3
5027,1700089.8
5028,553925.25
5029,357632.62
5030,241402.27
5031,802694.3
5032,251820.31
5033,752099.5
5034,411779.72
5035,206488.34
5036,565803.3
5037,427613.78
5038,260469.03
5039,724574.75
5040,1088943.2
5041,294353.03
5042,241069.77
5043,595178.25
5044,222317.0
5045,722326.8
5046,254342.38
5047,616816.94
5048,551472.8
5049,231947.1
5050,842060.9
5051,1409992.8
5052,553365.44
5053,1132702.5
5054,300043.47
5055,216607.67
5056,240997.12
5057,633342.9
5058,455035.88
5059,333082.4
5060,212125.5
5061,433248.3
5062,381371.75
5063,602073.94
5064,512604.38
5065,580189.1
5066,509311.2
5067,388916.4
5068,473913.34
5069,801370.25
5070,431853.5
5071,739029.0
5072,1138671.8
5073,478146.78
5074,517366.0
5075,290094.94
5076,711232.56
5077,787210.75
5078,366800.53
5079,496457.16
5080,655171.44
5081,391704.66
5082,497615.3
5083,324676.53
5084,484029.47
5085,253955.14
5086,383472.78
5087,659613.7
5088,447817.38
5089,582675.1
5090,530850.44
5091,388916.4
5092,419066.2
5093,537397.25
5094,256476.95
5095,441305.38
5096,469634.84
5097,1000636.6
5098,318128.06
5099,421943.44
5100,629176.94
5101,490858.97
5102,1441707.9
5103,606208.9
5104,922603.06
5105,626274.25
5106,389743.3
5107,281603.2
5108,384698.78
5109,629176.94
5110,306100.75
5111,405519.5
5112,438713.78
5113,396726.0
5114,606557.75
5115,429047.38
5116,1367976.6
5117,734522.06
5118,641578.6
5119,340046.34
5120,1494505.1
5121,837786.56
5122,655760.75
5123,1507684.6
5124,281271.12
5125,236429.3
5126,672564.6
5127,423830.2
5128,812075.1
5129,677161.0
5130,1628787.9
5131,1004202.4
5132,907833.2
5133,769617.4
5134,636609.3
5135,270187.97
5136,494392.2
5137,399323.62
5138,435174.8
5139,527523.4
5140,929471.7
5141,753842.6
5142,527557.2
5143,264462.22
5144,524409.0
5145,189672.8
5146,407090.12
5147,460040.88
5148,306660.22
5149,427400.5
5150,830655.5
5151,1111770.0
5152,785222.6
5153,368363.53
5154,883591.3
5155,446524.0
5156,590377.75
5157,528181.94
5158,262466.12
5159,306238.22
5160,279258.75
5161,666512.6
5162,687559.94
5163,505672.44
5164,277751.78
5165,1078080.1
5166,413538.5
5167,346722.94
5168,361464.5
5169,457269.38
5170,293946.2
5171,654250.0
5172,510849.7
5173,507909.66
5174,276069.22
5175,440641.25
5176,778359.25
5177,363866.9
5178,439663.12
5179,202934.5
5180,2033875.8
5181,522759.7
5182,488444.28
5183,356612.16
5184,203387.2
5185,224487.6
5186,580538.0
5187,197803.56
5188,272322.53
5189,514980.3
5190,325882.2
5191,1251423.9
5192,235432.14
5193,386238.28
5194,639093.5
5195,413673.75
5196,789842.94
5197,697574.2
5198,245706.81
5199,649739.8
5200,819576.6
5201,882893.5
5202,507211.97
5203,533647.4
5204,1689580.0
5205,507211.97
5206,373424.53
5207,1049018.1
5208,990255.44
5209,542895.1
5210,376365.78
5211,258401.53
5212,725029.75
5213,812998.9
5214,371724.5
5215,530114.56
5216,291830.97
5217,658352.44
5218,359449.3
5219,418368.5
5220,383962.9
5221,745556.1
5222,321559.1
5223,1198411.5
5224,323432.88
5225,1381641.5
5226,389179.94
5227,659226.2
5228,275035.97
5229,530042.44
5230,402502.16
5231,499019.1
5232,263429.53
5233,457455.84
5234,571196.4
5235,824762.6
5236,486903.47
5237,383962.9
5238,720156.56
5239,998037.6
5240,531792.5
5241,489528.34
5242,193261.06
5243,728398.1
5244,311841.56
5245,446175.12
5246,753842.6
5247,289954.7
5248,560226.3
5249,795767.75
5250,501714.06
5251,264391.06
5252,421030.72
5253,860332.1
5254,322680.28
5255,383506.62
5256,229216.27
5257,542508.1
5258,504621.34
5259,1008399.94
5260,577708.3
5261,592974.5
5262,499406.56
5263,1287085.6
5264,470720.0
5265,1117104.5
5266,625048.1
5267,883811.4
5268,215015.72
5269,370793.12
5270,771778.2
5271,630058.7
5272,315744.3
5273,473564.44
5274,479580.28
5275,311439.44
5276,819724.6
5277,570731.56
5278,424915.3
5279,678383.56
5280,226361.28
5281,422608.38
5282,254901.88
5283,667101.9
5284,338738.94
5285,421030.72
5286,443622.53
5287,576025.94
5288,812927.56
5289,422115.88
5290,1095669.5
5291,1062886.8
5292,412444.97
5293,1447251.6
5294,586142.5
5295,663817.94
5296,930314.3
5297,951815.75
5298,729362.75
5299,593177.44
5300,561418.3
5301,611286.9
5302,737633.5
5303,344269.7
5304,310860.38
5305,528923.8
5306,856698.75
5307,577320.3
5308,776470.3
5309,900816.5
5310,841919.9
5311,653275.6
5312,612755.7
5313,693053.5
5314,361099.44
5315,208658.38
5316,695539.6
5317,290183.72
5318,317410.75
5319,585128.7
5320,595178.25
5321,383614.06
5322,257075.1
5323,1018065.3
5324,254461.9
5325,539219.56
5326,895003.56
5327,547661.8
5328,645398.0
5329,241649.28
5330,904047.9
5331,1056363.2
5332,445191.9
5333,839820.0
5334,240913.2
5335,763886.2
5336,752517.25
5337,1450409.0
5338,313066.9
5339,226151.6
5340,357925.88
5341,588628.06
5342,559214.6
5343,717778.9
5344,682516.1
5345,504200.3
5346,288555.66
5347,383297.66
5348,799409.9
5349,716004.6
5350,310633.0
5351,360744.62
5352,1371889.2
5353,341258.38
5354,459895.94
5355,461019.3
5356,696101.6
5357,621687.6
5358,1204709.8
5359,956013.44
5360,544442.2
5361,577775.7
5362,793375.0
5363,330947.38
5364,483539.72
5365,458117.84
5366,411188.62
5367,444910.38
5368,994113.2
5369,374876.53
5370,531056.2
5371,345878.03
5372,444982.28
5373,397641.88
5374,367450.34
5375,623265.25
5376,1392968.8
5377,654637.44
5378,271779.97
5379,839335.5
5380,213388.06
5381,552137.75
5382,644132.1
5383,397496.2
5384,816010.94
5385,884848.1
5386,946687.8
5387,404221.2
5388,264025.97
5389,885476.2
5390,446139.44
5391,302842.56
5392,550143.44
5393,1037962.7
5394,943270.6
5395,707408.8
5396,554274.06
5397,337740.28
5398,795129.7
5399,275108.0
5400,407584.88
5401,609709.25
5402,298428.4
5403,548990.9
5404,360678.16
5405,294314.38
5406,887715.3
5407,259647.75
5408,919791.3
5409,944735.56
5410,580998.44
5411,403698.5
5412,318917.75
5413,824256.56
5414,555502.9
5415,510887.84
5416,267405.22
5417,591955.7
5418,475940.94
5419,427758.72
5420,1130198.4
5421,299270.88
5422,1173757.0
5423,323048.2
5424,546538.5
5425,389954.97
5426,201270.47
5427,350500.7
5428,811300.25
5429,477517.47
5430,406217.22
5431,400685.44
5432,229002.97
5433,1030946.06
5434,247002.67
5435,366752.62
5436,479822.56
5437,552977.5
5438,822796.2
5439,619449.1
5440,1120045.2
5441,368712.4
5442,396203.28
5443,758754.2
5444,1059386.5
5445,493273.16
5446,974984.9
5447,723343.56
5448,1020444.3
5449,654917.9
5450,398476.44
5451,772344.6
5452,1101404.8
5453,704574.4
5454,896409.0
5455,528331.7
5456,624031.3
5457,555851.75
5458,520937.4
5459,1020303.3
5460,323856.28
5461,688367.25
5462,478322.28
5463,431992.97
5464,439201.8
5465,505285.44
5466,347734.88
5467,1062254.4
5468,433287.47
5469,335410.25
5470,258840.95
5471,634472.6
5472,267858.16
5473,869651.4
5474,512920.75
5475,526645.2
5476,546323.5
5477,759940.06
5478,262030.38
5479,521011.38
5480,437311.16
5481,900816.5
5482,273004.0
5483,437976.38
5484,254971.11
5485,322120.75
5486,278801.38
5487,524060.1
5488,427613.78
5489,563173.0
5490,415916.1
5491,2241195.2
5492,463263.97
5493,316814.34
5494,557819.2
5495,279150.22
5496,834772.6
5497,917910.9
5498,889266.25
5499,997476.6
5500,909296.3
5501,356929.88
5502,380358.34
5503,417002.9
5504,417846.75
5505,606807.9
5506,503568.94
5507,343955.06
5508,412903.06
5509,346875.94
5510,1201141.8
5511,402927.78
5512,405868.38
5513,1124029.1
5514,536806.9
5515,676911.0
5516,1245832.1
5517,415951.78
5518,473626.97
5519,297027.78
5520,445890.84
5521,421418.2
5522,423693.56
5523,316483.3
5524,348770.62
5525,370478.47
5526,229002.97
5527,235432.14
5528,209692.94
5529,1113175.5
5530,564718.25
5531,205684.64
5532,435283.94
5533,280780.6
5534,518486.25
5535,559286.6
5536,452024.22
5537,1156393.2
5538,183725.47
5539,591606.9
5540,272112.56
5541,559390.6
5542,376538.94
5543,322486.5
5544,347595.4
5545,278275.03
5546,222596.28
5547,238652.12
5548,447817.38
5549,560934.44
5550,360920.94
5551,318636.0
5552,571330.25
5553,1302131.4
5554,441968.25
5555,804024.75
5556,341189.25
5557,468830.62
5558,593564.94
5559,632645.1
5560,571467.9
5561,1144132.5
5562,729891.0
5563,271063.03
5564,270869.3
5565,1222929.1
5566,365195.1
5567,413117.9
5568,434372.62
5569,395955.34
5570,269188.0
5571,452373.12
5572,252187.0
5573,701392.5
5574,809837.1
5575,651135.56
5576,486795.03
5577,1772486.4
5578,320576.8
5579,852424.4
5580,297747.5
5581,791773.75
5582,540724.2
5583,320789.62
5584,218988.5
5585,258666.53
5586,359049.16
5587,1308936.1
5588,356052.16
5589,494430.34
5590,503601.44
5591,1042022.2
5592,360678.16
5593,252327.34
5594,615246.4
5595,905302.25
5596,286855.7
5597,247389.9
5598,384311.75
5599,907833.2
5600,297274.78
5601,810400.25
5602,729891.0
5603,490788.03
5604,293581.12
5605,899005.6
5606,439799.5
5607,859363.25
5608,446175.12
5609,450408.56
5610,233051.31
5611,509032.94
5612,309583.6
5613,433214.75
5614,614267.4
5615,481897.5
5616,1881639.2
5617,689031.4
5618,420112.75
5619,673760.9
5620,473344.2
5621,569053.6
5622,2033756.6
5623,361866.4
5624,2025326.0
5625,241770.19
5626,1157156.5
5627,361237.12
5628,462352.16
5629,345316.25
5630,463335.3
5631,331083.4
5632,819724.6
5633,573918.44
5634,573013.06
5635,830499.94
5636,658739.94
5637,646445.0
5638,718552.9
5639,683425.94
5640,570666.1
5641,874355.3
5642,608036.56
5643,291337.9
5644,487808.88
5645,266230.53
5646,468761.88
5647,492498.72
5648,430240.34
5649,653415.6
5650,433776.97
5651,301792.94
5652,264847.1
5653,601307.5
5654,541288.25
5655,372407.34
5656,700514.6
5657,399007.53
5658,808580.25
5659,572664.2
5660,590726.6
5661,397074.9
5662,467082.25
5663,312948.16
5664,723523.1
5665,265215.22
5666,756263.9
5667,330559.94
5668,303789.56
5669,890256.5
5670,428698.53
5671,453631.7
5672,730213.9
5673,190179.5
5674,427684.72
5675,344652.75
5676,459659.53
5677,820274.3
5678,465433.88
5679,282165.9
5680,595285.8
5681,695122.1
5682,471561.34
5683,645398.0
5684,373424.53
5685,332675.38
5686,1615895.4
5687,728000.06
5688,870349.06
5689,1020303.3
5690,233225.75
5691,629525.8
5692,1144764.6
5693,772682.25
5694,522372.25
5695,489037.94
5696,314414.38
5697,222739.03
5698,458431.9
5699,493908.38
5700,328266.03
5701,229773.88
5702,612333.44
5703,279570.62
5704,235309.31
5705,1107849.9
5706,739560.94
5707,337910.56
5708,324308.6
5709,749390.44
5710,399487.3
5711,545840.75
5712,450021.12
5713,440045.8
5714,205456.58
5715,368170.25
5716,833522.6
5717,893047.25
5718,943465.3
5719,1485834.6
5720,223402.52
5721,870567.2
5722,428907.5
5723,379058.34
5724,559390.6
5725,433563.6
5726,880150.6
5727,626836.75
5728,1162405.4
5729,285891.9
5730,479158.44
5731,324237.44
5732,697540.6
5733,347561.38
5734,952864.0
5735,1119824.0
5736,910904.75
5737,490051.7
5738,368976.4
5739,214175.14
5740,743768.9
5741,533298.5
5742,560337.9
5743,794781.4
5744,1059530.8
5745,512012.12
5746,292739.12
5747,431150.34
5748,492609.34
5749,425229.34
5750,787052.1
5751,406499.75
5752,597941.3
5753,204700.9
5754,436155.38
5755,488689.1
5756,462735.8
5757,601376.2
5758,431712.53
5759,358169.7
5760,355598.75
5761,634395.25
5762,316921.53
5763,362687.4
5764,320647.44
5765,261712.64
5766,450021.12
5767,885476.2
5768,870349.06
5769,506475.12
5770,434300.44
5771,827346.94
5772,802212.9
5773,206277.42
5774,548183.94
5775,370362.25
5776,413085.12
5777,519151.22
5778,208519.19
5779,249229.4
5780,562541.6
5781,336374.7
5782,884217.56
5783,378044.97
5784,2691112.2
5785,300092.44
5786,602355.2
5787,588666.25
5788,199344.55
5789,534461.0
5790,930795.75
5791,297415.0
5792,802559.75
5793,636609.3
5794,687592.44
5795,2914387.2
5796,1310895.6
5797,395292.47
5798,554379.56
5799,709338.5
5800,1934157.0
5801,398200.3
5802,912938.3
5803,643543.1
5804,561418.3
5805,268839.2
5806,236956.97
5807,309513.3
5808,798014.44
5809,426212.53
5810,472995.3
5811,254882.58
5812,324554.0
5813,415637.75
5814,559214.6
5815,252187.0
5816,624910.8
5817,380841.2
5818,358700.3
5819,409752.94
5820,573918.44
5821,512146.3
5822,223402.52
5823,448204.84
5824,742642.6
5825,790584.25
5826,353217.75
5827,313787.12
5828,536345.0
5829,1250095.6
5830,425264.16
5831,490439.2
5832,480003.47
5833,347893.8
5834,547835.06
5835,736726.5
5836,279150.22
5837,384242.97
5838,491945.2
5839,422608.38
5840,372997.88
5841,499406.56
5842,656531.44
5843,1805975.1
5844,496708.06
5845,639093.5
5846,730423.1
5847,227850.89
5848,736339.9
5849,537925.9
5850,305312.3
5851,379846.25
5852,612755.7
5853,309091.6
5854,227184.3
5855,293296.56
5856,1050769.9
5857,484029.47
5858,499087.5
5859,263429.53
5860,1171729.4
5861,257947.25
5862,350364.53
5863,487841.62
5864,450021.12
5865,755238.06
5866,419700.53
5867,744146.2
5868,521742.9
5869,523284.62
5870,533647.4
5871,632368.44
5872,339823.94
5873,601376.2
5874,571747.5
5875,334988.5
5876,1161430.6
5877,1062254.4
5878,378647.22
5879,625712.25
5880,293439.72
5881,966091.94
5882,305312.3
5883,277926.2
5884,403349.66
5885,416412.78
5886,4075915.2
5887,430869.66
5888,732840.5
5889,406150.9
5890,527207.25
5891,647112.44
5892,926942.75
5893,306485.78
5894,947318.3
5895,793375.0
5896,586529.94
5897,272287.0
5898,1092646.2
5899,465123.62
5900,962726.25
5901,267439.6
5902,279975.56
5903,1795608.0
5904,300550.38
5905,1690586.0
5906,256794.66
5907,621191.56
5908,432341.84
5909,1271959.2
5910,583411.44
5911,534771.7
5912,186158.81
5913,252711.53
5914,459478.44
5915,463893.56
5916,517783.53
5917,278069.47
5918,384506.3
5919,582847.6
5920,505918.56
5921,337425.66
5922,509554.56
5923,622036.5
5924,583411.44
5925,573394.4
5926,453316.4
5927,468413.06
5928,239459.47
5929,560371.75
5930,558168.06
5931,267771.0
5932,210199.45
5933,408175.88
5934,1406970.6
5935,773042.4
5936,968756.0
5937,201407.98
5938,331819.72
5939,413568.28
5940,284914.3
5941,389528.8
5942,659050.25
5943,865178.94
5944,376625.25
5945,301444.1
5946,250508.48
5947,588976.94
5948,371321.6
5949,798973.94
5950,380795.06
5951,640765.56
5952,475100.25
5953,428349.66
5954,745789.75
5955,411261.34
5956,446139.44
5957,537080.9
5958,490788.03
5959,820203.0
5960,379407.2
5961,635023.75
5962,910703.9
5963,467846.53
5964,243103.19
5965,399420.03
5966,548010.6
5967,516104.72
5968,872041.0
5969,1049230.5
5970,420333.0
5971,390075.4
5972,577243.56
5973,1022769.25
5974,454329.38
5975,297274.78
5976,454616.0
5977,424706.53
5978,463820.5
5979,386570.34
5980,543244.0
5981,249718.5
5982,270187.97
5983,464420.06
5984,586772.8
5985,705868.9
5986,1001032.9
5987,350500.7
5988,453349.12
5989,611182.4
5990,486369.44
5991,300285.94
5992,631636.94
5993,504272.47
5994,701000.75
5995,601656.4
5996,1067591.5
5997,247722.39
5998,558168.06
5999,410249.62
6000,370694.75
6001,172309.58
6002,1671650.6
6003,409788.62
6004,348242.7
6005,360254.9
6006,282514.75
6007,722403.2
6008,584216.0
6009,359519.0
6010,1041022.94
6011,374965.38
6012,460040.88
6013,279607.62
6014,1280707.1
6015,567165.2
6016,369780.78
6017,261554.58
6018,598469.75
6019,413673.75
6020,1017506.75
6021,980102.8
6022,202585.64
6023,649352.4
6024,733567.94
6025,203846.19
6026,925067.0
6027,436924.12
6028,446911.4
6029,531443.6
6030,281025.2
6031,567198.75
6032,537155.75
6033,268051.7
6034,721775.94
6035,502620.28
6036,683529.2
6037,606769.25
6038,609917.94
6039,654917.9
6040,811603.5
6041,463084.7
6042,630513.6
6043,346825.06
6044,475908.2
6045,582675.1
6046,356175.62
6047,516630.12
6048,656289.3
6049,756089.25
6050,239440.39
6051,454648.44
6052,371635.66
6053,419948.5
6054,593988.56
6055,758323.4
6056,363700.56
6057,537925.9
6058,492468.94
6059,234817.72
6060,667210.4
6061,628271.25
6062,634472.6
6063,212195.94
6064,949425.8
6065,680344.94
6066,229216.27
6067,1062544.0
6068,202161.9
6069,684821.3
6070,334988.5
6071,459129.6
6072,341449.06
6073,537328.8
6074,672714.0
6075,920219.0
6076,318636.0
6077,516002.88
6078,342941.56
6079,498244.1
6080,1620939.0
6081,1359074.5
6082,662235.25
6083,995722.1
6084,700965.94
6085,384940.62
6086,1373571.0
6087,478215.2
6088,273618.4
6089,227518.27
6090,392559.16
6091,498458.16
6092,281567.75
6093,668397.3
6094,405868.38
6095,331960.75
6096,217186.64
6097,370865.5
6098,747330.1
6099,1029693.94
6100,587576.5
6101,437806.4
6102,321439.8
6103,415676.88
6104,654396.4
6105,249369.64
6106,237566.69
6107,608203.2
6108,477130.06
6109,469247.8
6110,527315.44
6111,402153.3
6112,263355.2
6113,400685.44
6114,382245.7
6115,350015.66
6116,818801.75
6117,335741.3
6118,449886.8
6119,513967.34
6120,508753.7
6121,644662.1
6122,636986.94
6123,394990.2
6124,475347.3
6125,397496.2
6126,453980.53
6127,795827.3
6128,356999.16
6129,446175.12
6130,554557.44
6131,709338.5
6132,383962.9
6133,374476.06
6134,466592.06
6135,324237.44
6136,773672.3
6137,968832.4
6138,348770.62
6139,233749.16
6140,358153.4
6141,527241.1
6142,588837.4
6143,432589.78
6144,838418.8
6145,283757.34
6146,499087.5
6147,453035.97
6148,852924.0
6149,409513.75
6150,314714.56
6151,512082.7
6152,860061.0
6153,314714.56
6154,541321.9
6155,1331688.8
6156,364863.03
6157,770649.6
6158,480597.06
6159,766247.2
6160,589293.06
6161,611984.6
6162,656531.44
6163,490471.94
6164,327935.03
6165,216818.48
6166,219270.22
6167,408703.47
6168,334058.4
6169,415951.78
6170,362515.2
6171,943122.06
6172,388235.5
6173,722403.2
6174,821465.75
6175,323241.88
6176,802212.9
6177,678032.56
6178,260225.1
6179,542474.25
6180,615911.5
6181,389248.94
6182,581628.6
6183,716039.44
6184,424217.6
6185,257947.25
6186,740824.56
6187,308776.94
6188,1009725.75
6189,856066.56
6190,501084.47
6191,432938.62
6192,346963.2
6193,247986.4
6194,628581.0
6195,301405.44
6196,1113098.1
6197,419522.9
6198,664582.94
6199,710112.56
6200,680092.06
6201,402889.2
6202,846050.6
6203,1498174.2
6204,283425.25
6205,750627.75
6206,628479.25
6207,408703.47
6208,264847.1
6209,471670.44
6210,466552.88
6211,595178.25
6212,312560.4
6213,628271.25
6214,252591.44
6215,363634.44
6216,538205.44
6217,543244.0
6218,561418.3
6219,465327.53
6220,1333024.6
6221,721629.1
6222,546255.06
6223,251399.92
6224,352184.03
6225,416862.47
6226,519223.1
6227,434198.78
6228,547901.1
6229,530707.4
6230,359729.72
6231,791358.4
6232,625712.25
6233,229986.67
6234,375561.22
6235,626415.44
6236,378679.72
6237,313066.9
6238,502939.34
6239,622979.0
6240,482561.6
6241,806060.5
6242,754203.5
6243,626520.6
6244,468550.12
6245,621304.0
6246,539010.6
6247,1349767.8
6248,480631.9
6249,181850.6
6250,423234.44
6251,306378.16
6252,749390.44
6253,795070.1
6254,1049230.5
6255,703247.44
6256,380564.34
6257,393256.88
6258,404047.34
6259,269381.75
6260,659341.5
6261,940664.5
6262,994810.94
6263,512465.38
6264,329492.25
6265,191123.16
6266,629079.56
6267,442603.7
6268,284264.25
6269,321523.84
6270,195552.2
6271,1396611.4
6272,295978.2
6273,494430.34
6274,636609.3
6275,489037.94
6276,373626.75
6277,711930.25
6278,1041874.25
6279,481790.06
6280,423480.2
6281,257017.14
6282,621687.6
6283,284981.25
6284,689099.1
6285,741032.6
6286,399356.38
6287,198363.33
6288,296574.16
6289,334167.16
6290,706115.4
6291,1455662.1
6292,530463.4
6293,440219.44
6294,322977.47
6295,334024.72
6296,670819.9
6297,351275.2
6298,558791.75
6299,475662.56
6300,428520.0
6301,1080750.0
6302,219657.47
6303,334325.0
6304,958249.1
6305,553365.44
6306,459692.0
6307,437875.66
6308,247320.28
6309,234853.56
6310,255165.11
6311,296853.38
6312,201883.53
6313,513302.12
6314,326165.56
6315,683145.4
6316,658314.3
6317,530114.56
6318,382179.38
6319,605301.8
6320,825253.75
6321,257191.56
6322,657229.2
6323,454472.44
6324,920713.9
6325,455983.62
6326,730946.5
6327,984520.3
6328,218921.38
6329,523108.53
6330,593564.94
6331,1002032.1
6332,288273.25
6333,1297232.4
6334,639161.9
6335,614366.4
6336,482561.6
6337,1272293.4
6338,294507.88
6339,895983.0
6340,530114.56
6341,582260.9
6342,553399.3
6343,711130.56
6344,301579.88
6345,456296.8
6346,205715.77
6347,462386.94
6348,2094254.0
6349,473278.16
6350,306976.34
6351,536869.4
6352,294120.66
6353,614404.56
6354,576652.06
6355,312594.88
6356,592760.7
6357,288309.94
6358,479267.12
6359,324521.4
6360,460040.88
6361,215888.39
6362,346073.94
6363,990255.44
6364,732415.1
6365,503502.3
6366,352868.9
6367,622350.5
6368,442254.88
6369,691824.7
6370,325320.06
6371,260697.36
6372,665814.94
6373,639129.2
6374,655335.06
6375,297589.44
6376,779909.4
6377,559140.6
6378,689236.5
6379,520937.4
6380,639161.9
6381,233417.1
6382,768842.5
6383,608585.9
6384,849132.3
6385,390806.94
6386,542895.1
6387,576163.1
6388,787749.9
6389,693121.06
6390,908104.8
6391,659849.94
6392,428592.2
6393,309198.66
6394,1425122.8
6395,627218.3
6396,308285.38
6397,660523.9
6398,1212142.4
6399,431537.38
6400,563699.8
6401,638145.1
6402,472896.56
6403,275877.84
6404,199116.84
6405,439201.8
6406,907833.2
6407,633730.3
6408,569225.56
6409,643998.0
6410,186665.5
6411,206992.05
6412,198537.78
6413,300514.0
6414,260331.58
6415,635980.0
6416,456262.03
6417,562437.1
6418,758689.25
6419,853819.8
6420,903064.25
6421,675479.94
6422,766944.9
6423,327846.7
6424,342428.38
6425,560371.75
6426,1538023.4
6427,386521.47
6428,395499.75
6429,642453.4
6430,461368.12
6431,397535.38
6432,684821.3
6433,455065.7
6434,315589.2
6435,479790.12
6436,1101404.8
6437,206331.77
6438,423693.56
6439,361163.72
6440,304748.62
6441,425613.0
6442,490051.7
6443,519781.6
6444,548675.6
6445,643047.0
6446,439663.12
6447,818595.5
6448,385191.75
6449,1009872.6
6450,552772.1
6451,300597.88
6452,471141.8
6453,564680.0
6454,464629.8
6455,580715.7
6456,776051.6
6457,322680.28
6458,414940.0
6459,1722912.0
6460,527557.2
6461,920219.0
6462,559772.0
6463,372513.88
6464,714695.4
6465,486903.47
6466,714910.8
6467,404886.4
6468,1118845.6
6469,465506.34
6470,197575.77
6471,334603.8
6472,409298.06
6473,392559.16
6474,420815.47
6475,294805.03
6476,641888.9
6477,458431.9
6478,203599.05
6479,557634.56
6480,413821.03
6481,657060.06
6482,369746.56
6483,386995.94
6484,510500.8
6485,203108.9
